[
  {
    "course_code": "CEAI 431",
    "units": 4,
    "title_en": "Recommender Systems",
    "title_ar": "نظم التوصية",
    "prerequisites": [
      "CEAI 321"
    ],
    "notes": "Elective — can be taken at any level once prerequisites are met."
  },
  {
    "course_code": "CEAI 432",
    "units": 4,
    "title_en": "Knowledge Representation and Reasoning",
    "title_ar": "تمثيل المعرفة والاستدلال",
    "prerequisites": [
      "CEAI 221"
    ],
    "notes": "Elective — can be taken at any level once prerequisites are met."
  },
  {
    "course_code": "CEAI 433",
    "units": 4,
    "title_en": "Mixed Reality",
    "title_ar": "الواقع المختلط",
    "prerequisites": [
      "CEAI 422"
    ],
    "notes": "Elective — can be taken at any level once prerequisites are met."
  },
  {
    "course_code": "CEAI 434",
    "units": 4,
    "title_en": "Signal Processing",
    "title_ar": "معالجة الإشارات الرقمية",
    "prerequisites": [
      "CEAI 321"
    ],
    "notes": "Elective — can be taken at any level once prerequisites are met."
  },
  {
    "course_code": "CEAI 435",
    "units": 4,
    "title_en": "Multi-agent Systems",
    "title_ar": "نظم متعددة وكلاء",
    "prerequisites": [
      "CEAI 411"
    ],
    "notes": "Elective — can be taken at any level once prerequisites are met."
  },
  {
    "course_code": "CEAI 436",
    "units": 4,
    "title_en": "Advanced Topics in AI",
    "title_ar": "موضوعات متقدمة في الذكاء الاصطناعي",
    "prerequisites": [
      "CEAI 321"
    ],
    "notes": "Elective — can be taken at any level once prerequisites are met."
  },
  {
    "course_code": "CEAI 437",
    "units": 4,
    "title_en": "Advanced Machine Learning",
    "title_ar": "تعلم الآلة المتقدم",
    "prerequisites": [
      "CEAI 321"
    ],
    "notes": "Elective — can be taken at any level once prerequisites are met."
  },
  {
    "course_code": "CEAI 438",
    "units": 4,
    "title_en": "Applied AI in Biomedicine",
    "title_ar": "الذكاء الاصطناعي في العلوم الطبية",
    "prerequisites": [
      "CEAI 434",
      "CEAI 422"
    ],
    "notes": "Elective — can be taken at any level once prerequisites are met."
  },
  {
    "course_code": "CEAI 439",
    "units": 4,
    "title_en": "AI Applications in Logistics and Supply Chain",
    "title_ar": "تطبيقات الذكاء الاصطناعي في اللوجستيات وسلاسل الإمداد",
    "prerequisites": [
      "BCSC 100",
      "CEAI 321"
    ],
    "notes": "Elective — can be taken at any level once prerequisites are met."
  },
  {
    "course_code": "CEAI 440",
    "units": 4,
    "title_en": "Algorithmic Game Theory and its Applications",
    "title_ar": "نظرية الألعاب",
    "prerequisites": [
      "CECS 381"
    ],
    "notes": "Elective — can be taken at any level once prerequisites are met."
  },
  {
    "course_code": "CEAI 441",
    "units": 4,
    "title_en": "Topics in Applied Operational Research",
    "title_ar": "موضوعات متقدمة في العمليات",
    "prerequisites": [
      "CEAI 322"
    ],
    "notes": "Elective — can be taken at any level once prerequisites are met."
  },
  {
    "course_code": "CEAI 442",
    "units": 4,
    "title_en": "Environmental Intelligence",
    "title_ar": "الذكاء الاصطناعي في العلوم البيئية",
    "prerequisites": [
      "SCBI 349",
      "CEAI 321"
    ],
    "notes": "Elective — can be taken at any level once prerequisites are met."
  },
  {
    "course_code": "CEAI 443",
    "units": 4,
    "title_en": "AI Applications in Cybersecurity",
    "title_ar": "تطبيقات الذكاء الاصطناعي في الأمن السيبراني",
    "prerequisites": [
      "CECY 382",
      "CEAI 321"
    ],
    "notes": "Elective — can be taken at any level once prerequisites are met."
  },
  {
    "course_code": "CECS 423",
    "units": 4,
    "title_en": "Parallel and Distributed Computing",
    "title_ar": "الحوسبة الموزعة والمتوازية",
    "prerequisites": [
      "CECS 381"
    ],
    "notes": "Elective — can be taken at any level once prerequisites are met."
  },
  {
    "course_code": "CECS 221",
    "units": 4,
    "title_en": "Visual Programming",
    "title_ar": "البرمجة المرئية",
    "prerequisites": [
      "CECS 121"
    ],
    "notes": "Elective — can be taken at any level once prerequisites are met."
  },
  {
    "course_code": "CECS 226",
    "units": 4,
    "title_en": "Usability Design",
    "title_ar": "سهولة الاستخدام",
    "prerequisites": [
      "CECS 121"
    ],
    "notes": "Elective — can be taken at any level once prerequisites are met."
  },
  {
    "course_code": "CECS 321",
    "units": 4,
    "title_en": "Web & Mobile Applications Development",
    "title_ar": "تطوير تطبيقات الويب والجوال",
    "prerequisites": [
      "CECS 121"
    ],
    "notes": "Elective — can be taken at any level once prerequisites are met."
  },
  {
    "course_code": "CEAI 444",
    "units": 4,
    "title_en": "Cloud Computing",
    "title_ar": "الحوسبة السحابية",
    "prerequisites": [
      "CECN 381"
    ],
    "notes": "Elective — can be taken at any level once prerequisites are met."
  },
  {
    "course_code": "CEAI 447",
    "units": 4,
    "title_en": "Fundamentals of Internet of Things",
    "title_ar": "أساسيات إنترنت الأشياء",
    "prerequisites": [
      "CECS 121"
    ],
    "notes": "Elective — can be taken at any level once prerequisites are met."
  },
  {
    "course_code": "CECS 219",
    "units": 4,
    "title_en": "No Code / Low Code Programming",
    "title_ar": "برمجة بدون كود/ قليلة الكود",
    "prerequisites": [],
    "notes": "Elective — can be taken at any level once prerequisites are met."
  },
  {
    "course_code": "CEAI 445",
    "units": 4,
    "title_en": "Introduction to Robotic Process Automation",
    "title_ar": "مدخل إلى أتمتة العمليات الروبوتية",
    "prerequisites": [
      "CEAI 321"
    ],
    "notes": "Elective — can be taken at any level once prerequisites are met."
  },
  {
    "course_code": "CEAI 446",
    "units": 4,
    "title_en": "Introduction to Big Data",
    "title_ar": "مدخل في البيانات الضخمة",
    "prerequisites": [
      "CEAI 321"
    ],
    "notes": "Elective — can be taken at any level once prerequisites are met."
  }
]