{
  "program": "BS-ARIN-IT",
  "total_credits": 164,
  "levels": [
    {
      "level_id": 1,
      "courses": [
        {
          "code": "CECS 100",
          "dept": "",
          "name": "المهارات الرقمية",
          "credits": 3,
          "prerequisites": []
        },
        {
          "code": "CECS 110",
          "dept": "",
          "name": "مهارات في برمجة",
          "credits": 3,
          "prerequisites": []
        },
        {
          "code": "ELPR 130",
          "dept": "",
          "name": "اللغة الإنجليزية-1",
          "credits": 3,
          "prerequisites": []
        },
        {
          "code": "SCMT 102",
          "dept": "",
          "name": "ثقافة وإسلام-1",
          "credits": 3,
          "prerequisites": []
        },
        {
          "code": "SCPH 101",
          "dept": "",
          "name": "فيزياء عامة -1",
          "credits": 3,
          "prerequisites": []
        }
      ]
    },
    {
      "level_id": 2,
      "courses": [
        {
          "code": "CECS 121",
          "dept": "",
          "name": "برمجة شيئية",
          "credits": 4,
          "prerequisites": [
            "CECS 110"
          ]
        },
        {
          "code": "CECS 122",
          "dept": "",
          "name": "رياضيات متقدمة حاسوبية",
          "credits": 3,
          "prerequisites": [
            "SCMT 102"
          ]
        },
        {
          "code": "CEDS 124",
          "dept": "",
          "name": "مقدمة قواعد البيانات",
          "credits": 3,
          "prerequisites": [
            "CECS 110"
          ]
        },
        {
          "code": "ELPR 140",
          "dept": "",
          "name": "اللغة الإنجليزية-4",
          "credits": 3,
          "prerequisites": [
            "ELPR 130"
          ]
        },
        {
          "code": "SEPS 110",
          "dept": "",
          "name": "مبادئ الإدارة ومهارات سوق العمل",
          "credits": 1,
          "prerequisites": []
        }
      ]
    },
    {
      "level_id": 3,
      "courses": [
        {
          "code": "CECN 282",
          "dept": "",
          "name": "تصميم المنطق الرقمي",
          "credits": 4,
          "prerequisites": [
            "CECS 122"
          ]
        },
        {
          "code": "CECS 281",
          "dept": "",
          "name": "تركيب البيانات",
          "credits": 4,
          "prerequisites": [
            "CECS 121"
          ]
        },
        {
          "code": "ELPR 220",
          "dept": "",
          "name": "كتابة أكاديمية إنجليزية",
          "credits": 3,
          "prerequisites": [
            "ELPR 130"
          ]
        },
        {
          "code": "ISLM 100",
          "dept": "",
          "name": "ثقافة إسلامية-1",
          "credits": 2,
          "prerequisites": []
        },
        {
          "code": "SCMT 211",
          "dept": "",
          "name": "ثقافة وإسلام-2",
          "credits": 3,
          "prerequisites": [
            "SCMT 102"
          ]
        },
        {
          "code": "SCST 210",
          "dept": "",
          "name": "إحصاء عام -1",
          "credits": 2,
          "prerequisites": [
            "SCMT 102"
          ]
        }
      ]
    },
    {
      "level_id": 4,
      "courses": [
        {
          "code": "CECS 217",
          "dept": "",
          "name": "تنظيم وتصميم الحاسب",
          "credits": 4,
          "prerequisites": [
            "CECS 121"
          ]
        },
        {
          "code": "CECS 218",
          "dept": "",
          "name": "البرمجة المتقدمة",
          "credits": 4,
          "prerequisites": [
            "CECS 121"
          ]
        },
        {
          "code": "CECS 381",
          "dept": "",
          "name": "تصميم وتحليل الخوارزميات",
          "credits": 3,
          "prerequisites": [
            "CECS 281"
          ]
        },
        {
          "code": "SCMT 212",
          "dept": "",
          "name": "ثقافة وإسلام-3",
          "credits": 3,
          "prerequisites": [
            "SCMT 211"
          ]
        },
        {
          "code": "SCPH 211",
          "dept": "",
          "name": "فيزياء عامة -2",
          "credits": 4,
          "prerequisites": [
            "SCPH 101"
          ]
        }
      ]
    },
    {
      "level_id": 5,
      "courses": [
        {
          "code": "CEAI 281",
          "dept": "",
          "name": "أساسيات الذكاء الاصطناعي",
          "credits": 4,
          "prerequisites": [
            "CECS 281"
          ]
        },
        {
          "code": "CEAI 311",
          "dept": "",
          "name": "أسس تحليل البيانات",
          "credits": 4,
          "prerequisites": [
            "CECS 121"
          ]
        },
        {
          "code": "CECS 283",
          "dept": "",
          "name": "نظم التشغيل",
          "credits": 3,
          "prerequisites": [
            "CECS 217"
          ]
        },
        {
          "code": "SCMT 221",
          "dept": "",
          "name": "جبر خطي",
          "credits": 3,
          "prerequisites": [
            "SCMT 102"
          ]
        },
        {
          "code": "SCST 310",
          "dept": "",
          "name": "احتمالات تطبيقية و نماذج عشوائية",
          "credits": 3,
          "prerequisites": [
            "SCST 210"
          ]
        }
      ]
    },
    {
      "level_id": 6,
      "courses": [
        {
          "code": "CEAI 321",
          "dept": "",
          "name": "مقدمة في تعلم الآلة",
          "credits": 4,
          "prerequisites": [
            "CEAI 311"
          ]
        },
        {
          "code": "CEAI 322",
          "dept": "",
          "name": "أساسيات التحسين والبحوث",
          "credits": 3,
          "prerequisites": [
            "SCMT 212"
          ]
        },
        {
          "code": "CECS 351",
          "dept": "",
          "name": "الذكاء الحسابي",
          "credits": 3,
          "prerequisites": [
            "CECS 217"
          ]
        },
        {
          "code": "CEAI 412",
          "dept": "",
          "name": "التعلم العميق",
          "credits": 4,
          "prerequisites": [
            "CEAI 321"
          ]
        },
        {
          "code": "SCBI 100",
          "dept": "",
          "name": "الاستدامة البيئية",
          "credits": 4,
          "prerequisites": []
        }
      ]
    },
    {
      "level_id": 7,
      "courses": [
        {
          "code": "BCSC 100",
          "dept": "",
          "name": "منصة في الإدارة الريادية",
          "credits": 2,
          "prerequisites": [
            "SCMT 212"
          ]
        },
        {
          "code": "CEAI 411",
          "dept": "",
          "name": "مقدمة في الروبوتات",
          "credits": 4,
          "prerequisites": [
            "CECS 217"
          ]
        },
        {
          "code": "CEAI 421",
          "dept": "",
          "name": "أساسيات معالجة اللغات الطبيعية",
          "credits": 4,
          "prerequisites": [
            "CEAI 412"
          ]
        },
        {
          "code": "CECS 421",
          "dept": "",
          "name": "الرؤية الحاسوبية",
          "credits": 4,
          "prerequisites": [
            "CEAI 412"
          ]
        },
        {
          "code": "CESW 382",
          "dept": "",
          "name": "إدارة مشاريع البرمجيات",
          "credits": 4,
          "prerequisites": [
            "CECS 281"
          ]
        }
      ]
    },
    {
      "level_id": 8,
      "courses": [
        {
          "code": "CEAI 392",
          "dept": "",
          "name": "الممارسة المهنية",
          "credits": 3,
          "prerequisites": []
        },
        {
          "code": "Elec I",
          "dept": "",
          "name": "مقرر اختياري-1",
          "credits": 3,
          "prerequisites": []
        },
        {
          "code": "Elec II",
          "dept": "",
          "name": "مقرر اختياري-2",
          "credits": 3,
          "prerequisites": []
        },
        {
          "code": "ISLM 200",
          "dept": "",
          "name": "الثقافة الإسلامية-2",
          "credits": 3,
          "prerequisites": [
            "ISLM 100"
          ]
        },
        {
          "code": "XXX",
          "dept": "",
          "name": "مقرر حر-1",
          "credits": 2,
          "prerequisites": []
        },
        {
          "code": "CEAI 422",
          "dept": "",
          "name": "الرؤية الحاسوبية المتقدمة",
          "credits": 4,
          "prerequisites": [
            "CEAI 412"
          ]
        }
      ]
    },
    {
      "level_id": 9,
      "courses": [
        {
          "code": "CEAI 495",
          "dept": "",
          "name": "مشروع تخرج-1",
          "credits": 4,
          "prerequisites": [
            "CEAI 392"
          ]
        },
        {
          "code": "CEAI 395",
          "dept": "",
          "name": "تدريب ميداني",
          "credits": 8,
          "prerequisites": [
            "CEAI 392"
          ]
        }
      ]
    },
    {
      "level_id": 10,
      "courses": [
        {
          "code": "CLAL 100",
          "dept": "",
          "name": "مهارات التعلم",
          "credits": 2,
          "prerequisites": []
        },
        {
          "code": "ISLM 300",
          "dept": "",
          "name": "ثقافة إسلامية-3",
          "credits": 3,
          "prerequisites": [
            "ISLM 200"
          ]
        },
        {
          "code": "CEAI 496",
          "dept": "",
          "name": "مشروع تخرج-2",
          "credits": 4,
          "prerequisites": [
            "CEAI 495"
          ]
        },
        {
          "code": "Elec III",
          "dept": "",
          "name": "مقرر اختياري-3",
          "credits": 3,
          "prerequisites": []
        },
        {
          "code": "XXX",
          "dept": "",
          "name": "مقرر حر-2",
          "credits": 4,
          "prerequisites": []
        }
      ]
    }
  ]
}