[
  {
    "id": "club_001",
    "club_name": "Drone Club UJ",
    "category": "Technology / Engineering",
    "description": "نادي الدرونز في جامعة جدة. يقدم التدريب والتوعية والتطوير في مجال الطائرات بدون طيار.",
    "contacts": {
      "whatsapp": "https://chat.whatsapp.com/Cfh9qieSpbR1rPyEBUWw6q?mode=wwc",
      "links": [
        "https://linktr.ee/DRONE_CLUB_UJ",
        "https://x.com/drones_aca_uj",
        "https://x.com/droneclub_uj",
        "https://www.linkedin.com/company/drone-club-uj"
      ]
    },
    "rules": [],
    "source": "manual_collection"
  },
  {
    "id": "club_002",
    "club_name": "AI Club UJ",
    "category": "Artificial Intelligence / Technology",
    "description": "نرحب بجميع أصدقائنا في نادي الذكاء الاصطناعي بجامعة جدة. رؤيتنا هي أن يكون النادي وجهة مفضلة للطلاب الباحثين للتعلم والنمو وتبادل الأفكار حول الذكاء الاصطناعي.",
    "contacts": {
      "whatsapp": "",
      "links": []
    },
    "rules": [],
    "source": "manual_collection"
  },
  {
    "id": "club_003",
    "club_name": "GDG UJ Public Community",
    "category": "Google Developer Group",
    "description": "مجموعة مطوري جوجل الطلابية بجامعة جدة. هدفها نشر المعرفة والإعلان عن ورش العمل والفرص.",
    "contacts": {
      "whatsapp": "",
      "links": []
    },
    "rules": [
      "الالتزام بالأخلاقيات واحترام الزملاء",
      "عدم إرسال الإعلانات"
    ],
    "source": "manual_collection"
  },
  {
    "id": "club_004",
    "club_name": "نادي علوم البيانات",
    "category": "Data Science / Technology",
    "description": "مجتمع لتبادل الخبرات وتقديم النصائح في مجال تحليل البيانات. يمنع التسويق والإعلانات. العضوية مجانية.",
    "contacts": {
      "whatsapp": "",
      "links": []
    },
    "rules": [
      "يمنع التسويق أو الإعلانات",
      "العضوية مجانية"
    ],
    "source": "manual_collection"
  },
  {
    "id": "club_005",
    "club_name": "مجتمع المستفيدين CCSE",
    "category": "College Community",
    "description": "مجتمع طلاب كلية علوم وهندسة الحاسب. يقدم فرص تدريب وتطوير مهارات وتنبيه الطلاب بالأخبار الهامة.",
    "contacts": {
      "whatsapp": "https://chat.whatsapp.com/EgW2lDAO2lnJsmOcnPnEu0",
      "links": [
        "https://www.linkedin.com/company/ccse-club"
      ]
    },
    "rules": [],
    "source": "manual_collection"
  },
  {
    "id": "club_006",
    "club_name": "فريق الألعاب الإلكترونية والواقع الافتراضي",
    "category": "Gaming / VR / Software",
    "description": "فريق متخصص في تطوير الألعاب واستكشاف تقنيات الواقع الافتراضي والمعزز.",
    "contacts": {
      "whatsapp": "",
      "links": [
        "https://twitter.com/SESC_UJ"
      ]
    },
    "rules": [],
    "source": "manual_collection"
  },
  {
    "id": "club_007",
    "club_name": "Cybersecurity Club UJ",
    "category": "Cybersecurity / Technology",
    "description": "الصفحة الرسمية لنادي الأمن السيبراني في كلية علوم وهندسة الحاسب بجامعة جدة.",
    "contacts": {
      "whatsapp": "",
      "links": [
        "https://www.linkedin.com/company/cybersecurityclub-uj"
      ]
    },
    "rules": [],
    "source": "manual_collection"
  }
]
