{
  "program": "BS-COEN-IT",
  "total_credits": 166,
  "levels": [
    {
      "level_id": "BS-COEN-01",
      "courses": [
        {
          "code": "CECS 100",
          "dept": "",
          "name": "المهارات الرقمية",
          "credits": 3,
          "prerequisites": []
        },
        {
          "code": "CECS 111",
          "dept": "",
          "name": "مقدمة برمجة",
          "credits": 3,
          "prerequisites": []
        },
        {
          "code": "ELPR 130",
          "dept": "",
          "name": "اللغة الإنجليزية-3",
          "credits": 3,
          "prerequisites": []
        },
        {
          "code": "SCMT 102",
          "dept": "",
          "name": "تفاضل وتكامل-1",
          "credits": 3,
          "prerequisites": []
        },
        {
          "code": "SCPH 101",
          "dept": "",
          "name": "فيزياء عامة -1",
          "credits": 3,
          "prerequisites": []
        }
      ]
    },
    {
      "level_id": "BS-COEN-02",
      "courses": [
        {
          "code": "CECS 121",
          "dept": "",
          "name": "برمجة شيئية",
          "credits": 4,
          "prerequisites": [
            "CECS 111"
          ]
        },
        {
          "code": "CECS 122",
          "dept": "",
          "name": "رياضيات متقطعة",
          "credits": 3,
          "prerequisites": []
        },
        {
          "code": "CEDS 124",
          "dept": "",
          "name": "مقدمة قواعد بيانات",
          "credits": 4,
          "prerequisites": [
            "CECS 111"
          ]
        },
        {
          "code": "ELPR 140",
          "dept": "",
          "name": "اللغة الإنجليزية-٤",
          "credits": 2,
          "prerequisites": [
            "ELPR 130"
          ]
        },
        {
          "code": "SEPS 110",
          "dept": "",
          "name": "م. الحياة الجامعية و سوق العمل",
          "credits": 2,
          "prerequisites": []
        }
      ]
    },
    {
      "level_id": "BS-COEN-03",
      "courses": [
        {
          "code": "CECN 281",
          "dept": "",
          "name": "تصميم المنطق الرقمي",
          "credits": 4,
          "prerequisites": [
            "CECS 122"
          ]
        },
        {
          "code": "CLAL 100",
          "dept": "",
          "name": "مهارات لغوية-1",
          "credits": 2,
          "prerequisites": []
        },
        {
          "code": "ELPR 220",
          "dept": "",
          "name": "الكتابة الأكاديمية الإنجليزية",
          "credits": 3,
          "prerequisites": [
            "ELPR 130"
          ]
        },
        {
          "code": "SCMT 211",
          "dept": "",
          "name": "تفاضل وتكامل-2",
          "credits": 3,
          "prerequisites": [
            "SCMT 102"
          ]
        },
        {
          "code": "SCPH 211",
          "dept": "",
          "name": "فيزياء عامة-2",
          "credits": 3,
          "prerequisites": [
            "SCPH 101"
          ]
        },
        {
          "code": "SCST 210",
          "dept": "",
          "name": "إحصاء عام -1",
          "credits": 3,
          "prerequisites": []
        }
      ]
    },
    {
      "level_id": "BS-COEN-04",
      "courses": [
        {
          "code": "CECN 221",
          "dept": "",
          "name": "دوائر كهربائية",
          "credits": 4,
          "prerequisites": []
        },
        {
          "code": "CECN 283",
          "dept": "",
          "name": "معمارية الحاسب",
          "credits": 4,
          "prerequisites": [
            "CECS 121"
          ]
        },
        {
          "code": "CECS 281",
          "dept": "",
          "name": "تركيب البيانات",
          "credits": 4,
          "prerequisites": []
        },
        {
          "code": "CESW 281",
          "dept": "",
          "name": "مبادئ هندسة البرمجيات",
          "credits": 3,
          "prerequisites": []
        },
        {
          "code": "ISLM 100",
          "dept": "",
          "name": "ثقافة إسلامية-1",
          "credits": 2,
          "prerequisites": []
        }
      ]
    },
    {
      "level_id": "BS-COEN-05",
      "courses": [
        {
          "code": "CECN 311",
          "dept": "",
          "name": "إلكترونيات",
          "credits": 4,
          "prerequisites": [
            "CECN 221"
          ]
        },
        {
          "code": "CECN 381",
          "dept": "",
          "name": "شبكات الحاسب",
          "credits": 4,
          "prerequisites": [
            "CECS 217"
          ]
        },
        {
          "code": "CLAL 200",
          "dept": "",
          "name": "مهارات لغوية-2",
          "credits": 2,
          "prerequisites": [
            "CLAL 100"
          ]
        },
        {
          "code": "ISLM 200",
          "dept": "",
          "name": "الثقافة الإسلامية-2",
          "credits": 2,
          "prerequisites": [
            "ISLM 100"
          ]
        },
        {
          "code": "SCMT 221",
          "dept": "",
          "name": "جبر خطي",
          "credits": 3,
          "prerequisites": [
            "SCMT 102"
          ]
        },
        {
          "code": "SCST 310",
          "dept": "",
          "name": "احتمالات تطب. و إحص. عضوية",
          "credits": 3,
          "prerequisites": []
        }
      ]
    },
    {
      "level_id": "BS-COEN-06",
      "courses": [
        {
          "code": "BUBA 100",
          "dept": "",
          "name": "الابتكار وريادة الأعمال",
          "credits": 2,
          "prerequisites": []
        },
        {
          "code": "CEAI 281",
          "dept": "",
          "name": "أساسيات الذكاء الاصطناعي",
          "credits": 4,
          "prerequisites": []
        },
        {
          "code": "CECS 283",
          "dept": "",
          "name": "نظم التشغيل",
          "credits": 4,
          "prerequisites": [
            "CECS 121"
          ]
        },
        {
          "code": "CECY 382",
          "dept": "",
          "name": "أمن الشبكات السيبراني",
          "credits": 3,
          "prerequisites": []
        },
        {
          "code": "ISLM 300",
          "dept": "",
          "name": "ثقافة إسلامية-3",
          "credits": 3,
          "prerequisites": [
            "ISLM 200"
          ]
        }
      ]
    },
    {
      "level_id": "BS-COEN-07",
      "courses": [
        {
          "code": "BCSC 100",
          "dept": "",
          "name": "مقدمة في الإدارة اللوجستية",
          "credits": 2,
          "prerequisites": [
            "SCMT 212"
          ]
        },
        {
          "code": "CECN 411",
          "dept": "",
          "name": "معالجات دقيقة",
          "credits": 4,
          "prerequisites": [
            "CECN 283"
          ]
        },
        {
          "code": "CECY 384",
          "dept": "",
          "name": "التشفير وأمن الشبكات",
          "credits": 4,
          "prerequisites": [
            "CECY 382"
          ]
        },
        {
          "code": "CESW 382",
          "dept": "",
          "name": "إدارة مشاريع البرمجيات",
          "credits": 4,
          "prerequisites": []
        },
        {
          "code": "ISLM 300",
          "dept": "",
          "name": "ثقافة إسلامية-3",
          "credits": 2,
          "prerequisites": [
            "ISLM 200"
          ]
        }
      ]
    },
    {
      "level_id": "BS-COEN-08",
      "courses": [
        {
          "code": "CECN 392",
          "dept": "",
          "name": "الممارسة المهنية-1",
          "credits": 2,
          "prerequisites": []
        },
        {
          "code": "CECN 428",
          "dept": "",
          "name": "هندسة الحوسبة السحابية",
          "credits": 3,
          "prerequisites": []
        },
        {
          "code": "CECS 285",
          "dept": "",
          "name": "هندسة نظم التشغيل",
          "credits": 3,
          "prerequisites": []
        }
      ]
    },
    {
      "level_id": "BS-COEN-09",
      "courses": [
        {
          "code": "CECS 495",
          "dept": "",
          "name": "مشروع تخرج-1",
          "credits": 2,
          "prerequisites": []
        },
        {
          "code": "CECS 495",
          "dept": "",
          "name": "مشروع تخرج-1",
          "credits": 2,
          "prerequisites": []
        }
      ]
    },
    {
      "level_id": "BS-COEN-10",
      "courses": [
        {
          "code": "CECN 422",
          "dept": "",
          "name": "شبكات الاتصالات اللاسلكية",
          "credits": 4,
          "prerequisites": []
        },
        {
          "code": "",
          "dept": "",
          "name": "الذكاء الاصطناعي الم_",
          "credits": 0,
          "prerequisites": []
        }
      ]
    }
  ]
}