اسم الجهة التي تدربت فيها؟,هل كان العمل خلال فترة التدريب ضمن مجال التخصص؟,"كيف تقيّم/تقيّمين تجربة التدريب مع الجهة؟
(نوع وكمية الشغل المقدم, بيئة العمل, ...)"
امانة جده,لا,مفيدة جدا كان الشغل خفيف لكن مفيد و استفدت بخبرات جديده الشركة وفرت لنا دورات كل اسبوع للافادة
شركة محمد يوسف ناغي للسيارات,نعم,الشغل كان قليل والدوام كان سلسل بيئة العمل كانت محترمه و متعاونة اشتغل علي ٣ مشاريع شات بوت و ٢ نموذج تصنيف واحد tickets لقسم IT و survey
مستشفى العسكري,لا,رائع
جامعة الملك خالد - قسم تقنية المعلومات,لا,خطة مرنة وضعت حسب التخصص ، تعامل ممتاز من قبل الموظفين، بيئة عمل مختلطة بس فيه قسم خاص للنساء فقط ، تجربة رائعة الحمدلله
امانة جدة,لا,تجربة جيدة دوام مريح بيئة عمل صحية
أرامكو,نعم,"التدريب في أرامكو يختلف على حسب القسم الي تنقبلي فيه ، بنسبه لقسمي Loss prevention, كان عباره عن مشاريع تحل مشاكل او تحسين لطريقة العمل باستخدم الAI و كان في ايضا تاسكات اخرى و يعطوكي كورسات و حضور ندوات و مؤتمرات لمواضيع مختلفه و اغلبها كانت في تخصصي AI .يعطوكي مكافاه ماليه واذا كان بيتك يبعد عن مقر الشغل بمسافة محدد يعطوكي سكن و مواصلات مجاناً الشغل و ايضا اشتراك في نادي مجاناً و تقدري تدخلي اي كامبس و ايضا في خصومات كثيره في جميع الأمور و كمان طيران مجاناً إذا مكان شغل القريب نفس المميزات بس يعطوك بدل سكن مايوفرو لكي سكن "
المركز الوطني للارصاد,لا,تخصصي ذكاء اصطناعي، وكانت المشاريع كلها مناسبه لتخصصي، بس اذا كان تخصصك برمجيات او علوم حاسب مثلا برضو بتمشي على خطه الذكاء وتسوي مشاريعهم (كذا كان على وقتي) ما كانت عندهم خطط ثانيه، بالنسبه للشغل كان فردي اعطونا ٣ مشاريع وبدايه كل مشروع يعطونا الداتا ويقولو لنا وش المطلوب مننا وبيوم التسليم نسوي اجتماع ونوريهم شغلنا ونشرحه، المشرفين متعاونين جدا ومافي ضغط، وبيئه العمل كويسه محد يهتم او يقعد فوق راسك، حتى اوقات الحضور كانو متعاونين فيها مو لازم نداوم كل يوم او كل الساعات اهمشي نسلم المشروع في وقته
المركز الوطني للارصاد,لا,تجربة تعلمت منها الكثير واشتغلت على مشاريع بتخصصي الذكاء الاصطناعي ، كان الشغل ثلاث مشاريع ، بيئة العمل كانت رائعه
أكاديمية الطيران المدني,نعم,ما حبيت، الجهة متعاونه المشرفين ممتازين، بس الشغل ما حبيت اشتغلنا full- stack developers وما كنا ندوام كل يوم ، وما عندهم قهوة ولا شيء ، ومافي مكافاة :) وبس استروا ما واجهت .. التقديم يدوي يقبلو عدد قليل
امانه جدة,لا,الشغل ممتع وفيه دعم كامل من كل الأقسام وفيه تسلسل كبير في وقت تنفيذ الشغل بالإضافة إلى جانب التعليم مع جانب العمل
مركز الارصاد الوطني,لا,ممتاز
تحكم,نعم,ممتاز من كل النواحي
HelpAG,لا,جدًا رهيبة ١٠/١٠ انصح كل شخص سايبر يقدم فيها ولكنهم بالرياض
DDC,لا,كويسة بس كان نفسي اجرب اشتغل في بيئة عمل حقيقية حسيت في التدريب كأني في الجامعة
هيئة تطوير منطقة مكة المكرمة,لا,تجربة رائعة جداً طوّرت عندي مهارة التعلم الذاتي والبحث عن المعلومة، مهارة التواصل مع الاخرين، بيئة العمل جميلة الموظفين متعاونين، مسكت انا والتيم مشروع كامل في مجالنا لذلك كان الشغل كثير تقريباً لكن تعلمنا أشياء كثير
مستشفى الملك فهد للقوات المسلحه,نعم,تجربة سيئة ، ما اعطونا اي شغل يخص مجالنا واغلب الوقت فاضين ، ويرمون علينا مهام مالها داعي وحرفيا ماستفدت منهم شيء
شركة سحاب الوطنية,لا,10/10 كلفوني بمشروع بمجالي و اتممنا المشروع و تم عرضه في مؤتمر الصحة العالمي
KACST,لا,العمل المقدم كان مرتبط مباشرة بتخصصي ذكاء اصطناعي، كميته كانت جدا ممتازة ومناسبة للمدة اللي هي بحالتي شهرين، بيئة العمل جدا متعاونة واي شي يحاولو يوفروه اول بأول ويرسلو طلبات عشان يتوفر للمتدرب على طول اللي يبغاه، طريقة التواصل كانت سهله وسلسة وما عانيت ابدا، كان التقسيم ممتاز وواضح بما انه بروجكت جماعي، المتابعين ما كان فقط مشرف واحد وهذا اللي خلى العمل سلس اكثر وفيه اكثر من وجهة نظر او اكثر من طريقة للتفكير والمنهجية
اكاديمية الامير سلطان- خطوط السعودية,نعم,جميل
SDAIA,نعم,تجربة كويسة نوع الشغل كان كله في مجالي بس مره متقدم بس مقدور عليه كمية الشغل كانت معقولة يعني التاسكات الطويلة كان الديدلاين حقها طويلة وكذا البيئة كويسة الكل هناك مستعد يساعدك
Creative minds,لا,مناسبه
DDC,لا,رائع، كثير، مناسب مجالي، طورني
Creative minds,نعم,مناسبة
Data Development Center,لا,نوع الشغل كان مناسب بما انه يخص التخصص ، اتعلمت اشياء جديدة. الكمية كانت معقولة ومتوافقة مع قدراتنا بدون ضغط . بيئة العمل كانت ممتعة وصحية من حيث البنات ومشرفة العمل
Creative Minds/ Ting,نعم,حلو اشتغلنا على ادوات جديدة وجدا متطورة
مركز البيانات التنموية,لا,8/10
امانة جدة,لا,بكل شفافية ( تسليك ولا انصح )
مستشفى العيون,لا,اشتغلت ك it كنا احنا نجري وراهم ونقول لنا اعطونا شغل، الشغل كان بسيط تشيكين على الكمبيوترات من ناحية البرامج الي يحتاجها المستشفى ونسخة وندوز اذا تحتاج تحديث او لا فكنا نمر على جميع اجهزة المباني عشان نشيك عليها الي يبغى شي مفيد مو مناسب الصراحه
الشركة السعودية للكهرباء,لا,ضمن الإختصاص والمجال / مجهود عالي ضمن إطار الإمكانيات/ ممتازه ومحفزه
الارصاد بجده,لا,حلوه مرا ادونا ٣ تاسكات كلها متعلقه بتخصصي الذكاء الاصطناعي وكان كل تاسك له فتره معينه مثلا اسبوعين وبعد الاسبوعين نسوي ميتنق نشوف شغل بعض ونتناقش بيئه العمل مو افضل شي كانو يخلونا احنا البنات تحت بغرفه والعيال فوق عنذهم مكاتب وماعندهم مكان للاسترخاء مثلا ولا جلسات للكافي ما استمتعت صراحه وكاستفاده كانت بسيطه
الخطوط السعودية,نعم,ما كان تدريب ممتاز لاكن كان تدريب جيد، أنصح فيه لو تبغا/تبغي الإنتهاء من التدريب، لاكن لو تبغا/تبغي تدريب لفترة أطول او بعد ما تخلص/تخلصي التدريب تتعاقد معاهم على عشان تكسب/تكسبي خبرة ما أنصح. نوع الشغل:copilot studio، كمية الشغل: متوسط في الاسبوع تاسكين، بيئة العمل: جميلة ومناسبة.
مركز البيانات التنموية بمنطقة مكة المكرمة,لا,ممتازة بكل النواحي
شركة تكرار للحلول التقنية,لا,تجربة ممتازة خصوصا ان الشركة تقنية وكمهندسة برمجيات ف كان عندي فرصة اشارك مع كل قسم من ال software lifecycle وكمية الشغل في البداية كانت خفيفة بعدين بالتدريج بدأ يزيد الى ان سار شغليشبه الموظفين وعندي موعد للتسليم وتقديمه للعميل. بيئة العمل جداً ممتازة اغلب الموظفين متوسطين الاعمار والhr جداً متعاونين والخطة كانت جداً flexible حسب انا فين اشوف نفسي افضل. انصح فيها جداً
Jedco,لا,صراحة تدريب بكل الأنواع للامن السيبراني ، كمية الشغل ليست كبيرة ولا القليلة ، بيئه العمل رائعه
أكاديمية كاوست,نعم,والله رهيبين
سابك,نعم,كانت تجربة ممتعة بس بعيدة عن تخصصي و بيئة العمل كانت كويسة وتعاملهم كويس
رحلة,نعم,ممتازه من ناحية التطبيق ولكن كان هناك ملاحظة عدم وجود مشرف متخصص في المجال
RCJY,نعم,التدريب كان يعتبر ممتاز من جهة المتدربين والشغل ولكن كانت المشكلة في المشرفين كانو يتجاهلو طلباتي مثلا في توقيع الاوراق او ترتيب الخطة اما بنسبة لبيئة العمل كانت ممتازة ولكن لازم تكوني صبورة معاهم لان البعض يتجاهلك يفرغ غضبه عليكي بدون سبب
امانة جدة,نعم,كان عبارة عن تاسكات يدونا هي كل يومين يوم شرحو التاسك و ترجع تسويه في بيتك ويوم تسليم وتشرح ايش سويت، يعتبر كان كويس الى حداً وكان فقط ٦ اسابيع
مركز البيانات التنموية,نعم,ممتاز جدا
بنك الجزيرة,نعم,
جامعة جدة,نعم,
شركة الخطوط السعودية لضيافة و هندسة الطيران,لا,
شركة السعودية للكهرباء,لا,
شركة الوافي التكامل الدولية للمواد الغذائية,لا,
شركة بترومين,نعم,
شركة دوسان ألنظمة الطاقة العربية المحدودة,لا,
شركة مؤسسة التدريب,نعم,
مؤسسة المهند لألجهزة الطبية والمخبرية,لا,
مؤسسة خط األجهزة,نعم,
مؤسسة صدى لتحصيل الديون,لا,
مجمع الملك عبد العزيز الطبي,نعم,
مجمع الملك عبد هللا الطبي,لا,
مستشفى الملك فهد العام,نعم,
مستشفى جامعة الملك عبد العزيز,نعم,
مكتب المحامي و المستشار القانوني حسين بن إبراهيم السمان,لا,
مكتب عبد العزيز اللهيب للمحاماة واالستشارات القانونية,لا,
هيئة العامة للزكاة والدخل,لا,
جامعة الملك سعود ف ي الحرس الوطن ي,نعم,
شركة بُعد لإلتصاالت,لا,
شركة تقنية العنكبوت,لا,
شركة مطارات جدة,لا,
هيئة الطيران المدن ي,نعم,
هيئة العامة ألرصاد,لا,
هيئة المساحة الجيولوجية السعودية,لا,