{
  "program": "BS-COSC-IT",
  "total_credits": 168,
  "levels": [
    {
      "level_id": "BS-COSC-01",
      "courses": [
        {
          "code": "100",
          "dept": "CECS",
          "name": "المهارات الرقمية",
          "credits": 3,
          "prerequisites": []
        },
        {
          "code": "111",
          "dept": "CECS",
          "name": "مقدمة برمجية",
          "credits": 3,
          "prerequisites": []
        },
        {
          "code": "130",
          "dept": "ELPR",
          "name": "اللغة الإنجليزية-1",
          "credits": 4,
          "prerequisites": []
        },
        {
          "code": "102",
          "dept": "SCMT",
          "name": "تفاضل وتكامل-1",
          "credits": 3,
          "prerequisites": []
        },
        {
          "code": "101",
          "dept": "SCPH",
          "name": "فيزياء عامة-1",
          "credits": 2,
          "prerequisites": []
        }
      ]
    },
    {
      "level_id": "BS-COSC-02",
      "courses": [
        {
          "code": "121",
          "dept": "CECS",
          "name": "برمجة شيئية",
          "credits": 4,
          "prerequisites": [
            "CECS 111"
          ]
        },
        {
          "code": "122",
          "dept": "CECS",
          "name": "رياضيات متقطعة",
          "credits": 3,
          "prerequisites": []
        },
        {
          "code": "124",
          "dept": "CEDS",
          "name": "مقدمة قواعد بيانات",
          "credits": 3,
          "prerequisites": [
            "CECS 111"
          ]
        },
        {
          "code": "140",
          "dept": "ELPR",
          "name": "اللغة الإنجليزية-2",
          "credits": 3,
          "prerequisites": [
            "ELPR 130"
          ]
        },
        {
          "code": "110",
          "dept": "SEPS",
          "name": "م. الحياة الجامعية و سوق العمل",
          "credits": 2,
          "prerequisites": []
        }
      ]
    },
    {
      "level_id": "BS-COSC-03",
      "courses": [
        {
          "code": "282",
          "dept": "CECN",
          "name": "تصميم المنطق الرقمي",
          "credits": 4,
          "prerequisites": [
            "CECS 122"
          ]
        },
        {
          "code": "281",
          "dept": "CECS",
          "name": "تركيب البيانات",
          "credits": 4,
          "prerequisites": [
            "CECS 121"
          ]
        }
      ]
    },
    {
      "level_id": "BS-COSC-03B",
      "courses": [
        {
          "code": "100",
          "dept": "CLAL",
          "name": "مهارات لغوية-1",
          "credits": 2,
          "prerequisites": []
        },
        {
          "code": "220",
          "dept": "ELPR",
          "name": "الكتابة الأكاديمية الإنجليزية",
          "credits": 2,
          "prerequisites": [
            "ELPR 130"
          ]
        },
        {
          "code": "211",
          "dept": "SCMT",
          "name": "تفاضل وتكامل-2",
          "credits": 3,
          "prerequisites": [
            "SCMT 102"
          ]
        },
        {
          "code": "210",
          "dept": "SCST",
          "name": "إحصاء علم-1",
          "credits": 3,
          "prerequisites": []
        }
      ]
    },
    {
      "level_id": "BS-COSC-04",
      "courses": [
        {
          "code": "221",
          "dept": "CECS",
          "name": "البرمجة المرئية",
          "credits": 4,
          "prerequisites": [
            "CECS 121"
          ]
        },
        {
          "code": "100",
          "dept": "ISLM",
          "name": "ثقافة إسلامية-1",
          "credits": 2,
          "prerequisites": []
        },
        {
          "code": "212",
          "dept": "SCMT",
          "name": "تفاضل وتكامل-3",
          "credits": 3,
          "prerequisites": [
            "SCMT 211"
          ]
        },
        {
          "code": "221",
          "dept": "SCMT",
          "name": "جير خطي",
          "credits": 3,
          "prerequisites": []
        },
        {
          "code": "211",
          "dept": "SCPH",
          "name": "فيزياء عامة-2",
          "credits": 4,
          "prerequisites": [
            "SCPH 101"
          ]
        }
      ]
    },
    {
      "level_id": "BS-COSC-05",
      "courses": [
        {
          "code": "283",
          "dept": "CECN",
          "name": "معمارية الحاسب",
          "credits": 4,
          "prerequisites": []
        },
        {
          "code": "381",
          "dept": "CECS",
          "name": "تصميم وتحليل الخوارزميات",
          "credits": 4,
          "prerequisites": [
            "CECS 281"
          ]
        },
        {
          "code": "281",
          "dept": "CESW",
          "name": "مبادئ هندسة البرمجيات",
          "credits": 4,
          "prerequisites": []
        }
      ]
    },
    {
      "level_id": "BS-COSC-05B",
      "courses": [
        {
          "code": "200",
          "dept": "CLAL",
          "name": "مهارات لغوية-2",
          "credits": 2,
          "prerequisites": []
        },
        {
          "code": "200",
          "dept": "ISLM",
          "name": "الثقافة الإسلامية-2",
          "credits": 2,
          "prerequisites": [
            "ISLM 100"
          ]
        },
        {
          "code": "310",
          "dept": "SCST",
          "name": "إحصاءات طبية و حيوية",
          "credits": 3,
          "prerequisites": []
        }
      ]
    },
    {
      "level_id": "BS-COSC-06",
      "courses": [
        {
          "code": "281",
          "dept": "CEAI",
          "name": "أساسيات الذكاء الاصطناعي",
          "credits": 4,
          "prerequisites": []
        },
        {
          "code": "283",
          "dept": "CECS",
          "name": "نظم التشغيل",
          "credits": 4,
          "prerequisites": [
            "CECN 283"
          ]
        },
        {
          "code": "382",
          "dept": "CECY",
          "name": "أساسيات الأمن السيبراني",
          "credits": 4,
          "prerequisites": []
        },
        {
          "code": "383",
          "dept": "CESW",
          "name": "تفاعل الإنسان والحاسب",
          "credits": 4,
          "prerequisites": []
        },
        {
          "code": "300",
          "dept": "ISLM",
          "name": "ثقافة إسلامية-3",
          "credits": 2,
          "prerequisites": [
            "ISLM 200"
          ]
        }
      ]
    },
    {
      "level_id": "BS-COSC-07",
      "courses": [
        {
          "code": "381",
          "dept": "CECN",
          "name": "شبكات الحاسب",
          "credits": 4,
          "prerequisites": []
        },
        {
          "code": "411",
          "dept": "CECS",
          "name": "نظرية الحوسبة",
          "credits": 4,
          "prerequisites": [
            "CECS 281"
          ]
        },
        {
          "code": "412",
          "dept": "CECS",
          "name": "الرسم بالحاسب",
          "credits": 4,
          "prerequisites": []
        },
        {
          "code": "413",
          "dept": "CECS",
          "name": "التحليل العددي الحاسوبي",
          "credits": 3,
          "prerequisites": []
        },
        {
          "code": "416",
          "dept": "CECS",
          "name": "تعلم الآلة التطبيقي",
          "credits": 4,
          "prerequisites": [
            "CEAI 281"
          ]
        }
      ]
    },
    {
      "level_id": "BS-COSC-08",
      "courses": [
        {
          "code": "100",
          "dept": "BUBA",
          "name": "الابتكار وريادة الأعمال",
          "credits": 2,
          "prerequisites": []
        },
        {
          "code": "392",
          "dept": "CECS",
          "name": "الممارسة المهنية-1",
          "credits": 3,
          "prerequisites": []
        },
        {
          "code": "383",
          "dept": "CEC Y",
          "name": "أخلاقيات وحوكمة الحاسب",
          "credits": 2,
          "prerequisites": []
        },
        {
          "code": "381",
          "dept": "CESW",
          "name": "تطوير الويب",
          "credits": 3,
          "prerequisites": []
        },
        {
          "code": "382",
          "dept": "CESW",
          "name": "إدارة مشاريع البرمجيات",
          "credits": 4,
          "prerequisites": []
        }
      ]
    },
    {
      "level_id": "BS-COSC-09",
      "courses": [
        {
          "code": "495",
          "dept": "CECS",
          "name": "مشروع تخرج-1",
          "credits": 2,
          "prerequisites": []
        }
      ]
    },
    {
      "level_id": "BS-COSC-10",
      "courses": [
        {
          "code": "417",
          "dept": "CECS",
          "name": "بناء المترجمات",
          "credits": 4,
          "prerequisites": []
        },
        {
          "code": "418",
          "dept": "CECS",
          "name": "نظرية البرمجة",
          "credits": 3,
          "prerequisites": []
        },
        {
          "code": "423",
          "dept": "CECS",
          "name": "الهندسة المتوازية والموزعة",
          "credits": 4,
          "prerequisites": []
        },
        {
          "code": "496",
          "dept": "CECS",
          "name": "مشروع تخرج-2",
          "credits": 3,
          "prerequisites": []
        }
      ]
    }
  ]
}