{
  "program": "BS-CYSE-IT",
  "total_credits": 166,
  "levels": [
    {
      "level_id": "BS-CYSE-01",
      "courses": [
        {
          "code": "100",
          "dept": "CECS",
          "name": "المهارات الرقمية",
          "credits": 3,
          "prerequisites": []
        },
        {
          "code": "111",
          "dept": "CECS",
          "name": "مقدمة برمجية",
          "credits": 3,
          "prerequisites": []
        },
        {
          "code": "130",
          "dept": "ELPR",
          "name": "اللغة الإنجليزية-1",
          "credits": 4,
          "prerequisites": []
        },
        {
          "code": "101",
          "dept": "SCMT",
          "name": "تفاضل وتكامل-1",
          "credits": 3,
          "prerequisites": []
        },
        {
          "code": "101",
          "dept": "SCPH",
          "name": "فيزياء عامة-1",
          "credits": 2,
          "prerequisites": []
        }
      ]
    },
    {
      "level_id": "BS-CYSE-02",
      "courses": [
        {
          "code": "121",
          "dept": "CECS",
          "name": "برمجة شيئية",
          "credits": 4,
          "prerequisites": []
        },
        {
          "code": "122",
          "dept": "CECS",
          "name": "رياضيات متقطعة",
          "credits": 3,
          "prerequisites": []
        },
        {
          "code": "124",
          "dept": "CEDS",
          "name": "مقدمة قواعد بيانات",
          "credits": 3,
          "prerequisites": []
        },
        {
          "code": "140",
          "dept": "ELPR",
          "name": "اللغة الإنجليزية-2",
          "credits": 3,
          "prerequisites": []
        },
        {
          "code": "110",
          "dept": "SEPS",
          "name": "م. الحياة الجامعية و سوق العمل",
          "credits": 2,
          "prerequisites": []
        }
      ]
    },
    {
      "level_id": "BS-CYSE-03",
      "courses": [
        {
          "code": "217",
          "dept": "CECS",
          "name": "تنظيم وبنيان الحاسب",
          "credits": 4,
          "prerequisites": []
        },
        {
          "code": "211",
          "dept": "CECY",
          "name": "البرمجة الآمنة",
          "credits": 4,
          "prerequisites": []
        },
        {
          "code": "100",
          "dept": "CLAL",
          "name": "مهارات لغوية-1",
          "credits": 2,
          "prerequisites": []
        },
        {
          "code": "220",
          "dept": "ELPR",
          "name": "الكتابة الأكاديمية الإنجليزية",
          "credits": 2,
          "prerequisites": []
        },
        {
          "code": "221",
          "dept": "SCMT",
          "name": "جير خطي",
          "credits": 3,
          "prerequisites": []
        },
        {
          "code": "210",
          "dept": "SCST",
          "name": "إحصاء علم-1",
          "credits": 3,
          "prerequisites": []
        }
      ]
    },
    {
      "level_id": "BS-CYSE-04",
      "courses": [
        {
          "code": "382",
          "dept": "CECN",
          "name": "مقدمة في شبكات الحاسب",
          "credits": 4,
          "prerequisites": []
        },
        {
          "code": "282",
          "dept": "CECS",
          "name": "تركيب البيانات",
          "credits": 4,
          "prerequisites": []
        },
        {
          "code": "284",
          "dept": "CECS",
          "name": "نظم التشغيل",
          "credits": 4,
          "prerequisites": []
        },
        {
          "code": "221",
          "dept": "CECY",
          "name": "مبادئ هندسة البرمجيات",
          "credits": 4,
          "prerequisites": []
        },
        {
          "code": "100",
          "dept": "ISLM",
          "name": "ثقافة إسلامية-1",
          "credits": 2,
          "prerequisites": []
        }
      ]
    },
    {
      "level_id": "BS-CYSE-05",
      "courses": [
        {
          "code": "381",
          "dept": "CECY",
          "name": "أساسيات الأمن السيبراني",
          "credits": 4,
          "prerequisites": []
        },
        {
          "code": "200",
          "dept": "CLAL",
          "name": "مهارات لغوية-2",
          "credits": 2,
          "prerequisites": []
        },
        {
          "code": "200",
          "dept": "ISLM",
          "name": "الثقافة الإسلامية-2",
          "credits": 2,
          "prerequisites": []
        },
        {
          "code": "382",
          "dept": "CECS",
          "name": "تصميم وتحليل الخوارزميات",
          "credits": 3,
          "prerequisites": []
        },
        {
          "code": "311",
          "dept": "CECY",
          "name": "تطوير وأمن الويب",
          "credits": 3,
          "prerequisites": []
        },
        {
          "code": "312",
          "dept": "CECY",
          "name": "سياسات وقوانين الأمن السيبراني",
          "credits": 3,
          "prerequisites": []
        }
      ]
    },
    {
      "level_id": "BS-CYSE-06",
      "courses": [
        {
          "code": "321",
          "dept": "CECY",
          "name": "تشفير",
          "credits": 4,
          "prerequisites": []
        },
        {
          "code": "322",
          "dept": "CECY",
          "name": "إدارة نظم",
          "credits": 4,
          "prerequisites": []
        },
        {
          "code": "323",
          "dept": "CECY",
          "name": "أمن الشبكات",
          "credits": 4,
          "prerequisites": []
        },
        {
          "code": "324",
          "dept": "CECY",
          "name": "أمن قواعد البيانات",
          "credits": 4,
          "prerequisites": []
        },
        {
          "code": "100",
          "dept": "SLPR",
          "name": "الثقافة القانونية",
          "credits": 2,
          "prerequisites": []
        }
      ]
    },
    {
      "level_id": "BS-CYSE-07",
      "courses": [
        {
          "code": "100",
          "dept": "BUBA",
          "name": "الابتكار وريادة الأعمال",
          "credits": 2,
          "prerequisites": []
        },
        {
          "code": "411",
          "dept": "CECY",
          "name": "هندسة ومعمارية الأمن السيبراني",
          "credits": 4,
          "prerequisites": []
        },
        {
          "code": "412",
          "dept": "CECY",
          "name": "أمن أنظمة التحكم الصناعية",
          "credits": 4,
          "prerequisites": []
        },
        {
          "code": "481",
          "dept": "CECY",
          "name": "أمن البرمجيات",
          "credits": 4,
          "prerequisites": []
        },
        {
          "code": "300",
          "dept": "ISLM",
          "name": "ثقافة إسلامية-3",
          "credits": 2,
          "prerequisites": []
        }
      ]
    },
    {
      "level_id": "BS-CYSE-08",
      "courses": [
        {
          "code": "392",
          "dept": "CECY",
          "name": "الممارسة المهنية-1",
          "credits": 3,
          "prerequisites": []
        },
        {
          "code": "421",
          "dept": "CECY",
          "name": "جنائيات الحاسب",
          "credits": 4,
          "prerequisites": []
        },
        {
          "code": "422",
          "dept": "CECY",
          "name": "عمليات الأمن السيبراني",
          "credits": 4,
          "prerequisites": []
        },
        {
          "code": "423",
          "dept": "CECY",
          "name": "أمن الوسيطية السحابية",
          "credits": 4,
          "prerequisites": []
        }
      ]
    },
    {
      "level_id": "BS-CYSE-09",
      "courses": [
        {
          "code": "495",
          "dept": "CECY",
          "name": "مشروع تخرج-1",
          "credits": 2,
          "prerequisites": []
        }
      ]
    },
    {
      "level_id": "BS-CYSE-10",
      "courses": [
        {
          "code": "413",
          "dept": "CECY",
          "name": "تحليل و اختراق الثغرات",
          "credits": 4,
          "prerequisites": []
        },
        {
          "code": "414",
          "dept": "CECY",
          "name": "هندسةكسية وتحليل البرمج",
          "credits": 4,
          "prerequisites": []
        },
        {
          "code": "424",
          "dept": "CECY",
          "name": "إدارة أمن المعلومات",
          "credits": 3,
          "prerequisites": []
        },
        {
          "code": "496",
          "dept": "CECY",
          "name": "مشروع تخرج-2",
          "credits": 3,
          "prerequisites": []
        }
      ]
    }
  ]
}