{
  "program": "BS-DSAN-IT",
  "total_credits": 164,
  "levels": [
    {
      "level_id": "BS-DSAN-01",
      "courses": [
        {
          "code": "100",
          "dept": "CECS",
          "name": "المهارات الرقمية",
          "credits": 3,
          "prerequisites": []
        },
        {
          "code": "111",
          "dept": "CECS",
          "name": "مقدمة برمجية",
          "credits": 4,
          "prerequisites": []
        },
        {
          "code": "130",
          "dept": "ELPR",
          "name": "اللغة الإنجليزية-1",
          "credits": 2,
          "prerequisites": []
        },
        {
          "code": "102",
          "dept": "SCMT",
          "name": "تفاضل وتكامل-1",
          "credits": 3,
          "prerequisites": []
        },
        {
          "code": "101",
          "dept": "SCPH",
          "name": "فيزياء عامة-1",
          "credits": 3,
          "prerequisites": []
        }
      ]
    },
    {
      "level_id": "BS-DSAN-02",
      "courses": [
        {
          "code": "121",
          "dept": "CECS",
          "name": "برمجة شيئية",
          "credits": 4,
          "prerequisites": []
        },
        {
          "code": "122",
          "dept": "CECS",
          "name": "رياضيات متقطعة",
          "credits": 3,
          "prerequisites": []
        },
        {
          "code": "124",
          "dept": "CEDS",
          "name": "مقدمة قواعد بيانات",
          "credits": 3,
          "prerequisites": []
        },
        {
          "code": "140",
          "dept": "ELPR",
          "name": "اللغة الإنجليزية-2",
          "credits": 2,
          "prerequisites": []
        },
        {
          "code": "110",
          "dept": "SEPS",
          "name": "م. الحياة الجامعية و سوق العمل",
          "credits": 2,
          "prerequisites": []
        }
      ]
    },
    {
      "level_id": "BS-DSAN-03",
      "courses": [
        {
          "code": "281",
          "dept": "CECS",
          "name": "تركيب البيانات",
          "credits": 4,
          "prerequisites": []
        },
        {
          "code": "211",
          "dept": "CEDS",
          "name": "هيكلة وتنظيم الحاسوب",
          "credits": 4,
          "prerequisites": []
        }
      ]
    },
    {
      "level_id": "BS-DSAN-03B",
      "courses": [
        {
          "code": "100",
          "dept": "CLAL",
          "name": "مهارات لغوية-1",
          "credits": 2,
          "prerequisites": []
        },
        {
          "code": "220",
          "dept": "ELPR",
          "name": "الكتابة الأكاديمية الإنجليزية",
          "credits": 2,
          "prerequisites": []
        },
        {
          "code": "211",
          "dept": "SCMT",
          "name": "تفاضل وتكامل-2",
          "credits": 3,
          "prerequisites": []
        },
        {
          "code": "210",
          "dept": "SCST",
          "name": "إحصاء عام-1",
          "credits": 3,
          "prerequisites": []
        }
      ]
    },
    {
      "level_id": "BS-DSAN-04",
      "courses": [
        {
          "code": "283",
          "dept": "CECS",
          "name": "نظم التشغيل",
          "credits": 4,
          "prerequisites": []
        },
        {
          "code": "221",
          "dept": "CEDS",
          "name": "برمجة الحاسب لعلوم البيانات",
          "credits": 4,
          "prerequisites": []
        },
        {
          "code": "281",
          "dept": "CESW",
          "name": "مبادئ هندسة البرمجيات",
          "credits": 4,
          "prerequisites": []
        },
        {
          "code": "100",
          "dept": "ISLM",
          "name": "ثقافة إسلامية-1",
          "credits": 2,
          "prerequisites": []
        },
        {
          "code": "310",
          "dept": "SCST",
          "name": "احتمالات إحصائية. جبر. عشوائية",
          "credits": 3,
          "prerequisites": []
        }
      ]
    },
    {
      "level_id": "BS-DSAN-05",
      "courses": [
        {
          "code": "383",
          "dept": "CECN",
          "name": "اتصالات البيانات",
          "credits": 4,
          "prerequisites": []
        },
        {
          "code": "381",
          "dept": "CECS",
          "name": "تصميم وتحليل الخوارزميات",
          "credits": 3,
          "prerequisites": []
        },
        {
          "code": "311",
          "dept": "CEDS",
          "name": "مقدمة في علوم البيانات",
          "credits": 4,
          "prerequisites": []
        }
      ]
    },
    {
      "level_id": "BS-DSAN-05B",
      "courses": [
        {
          "code": "200",
          "dept": "CLAL",
          "name": "مهارات لغوية-2",
          "credits": 2,
          "prerequisites": []
        },
        {
          "code": "200",
          "dept": "ISLM",
          "name": "الثقافة الإسلامية-2",
          "credits": 2,
          "prerequisites": []
        },
        {
          "code": "221",
          "dept": "SCMT",
          "name": "جبر خطي",
          "credits": 3,
          "prerequisites": []
        }
      ]
    },
    {
      "level_id": "BS-DSAN-06",
      "courses": [
        {
          "code": "100",
          "dept": "BUBA",
          "name": "الابتكار وريادة الأعمال",
          "credits": 2,
          "prerequisites": []
        },
        {
          "code": "281",
          "dept": "CEAI",
          "name": "أساسيات الذكاء الاصطناعي",
          "credits": 4,
          "prerequisites": []
        },
        {
          "code": "321",
          "dept": "CEDS",
          "name": "تنقيب البيانات",
          "credits": 4,
          "prerequisites": []
        },
        {
          "code": "322",
          "dept": "CEDS",
          "name": "إدارة وحوكمة البيانات",
          "credits": 3,
          "prerequisites": []
        },
        {
          "code": "323",
          "dept": "CEDS",
          "name": "الاحترافية وإعداد التقارير",
          "credits": 4,
          "prerequisites": []
        }
      ]
    },
    {
      "level_id": "BS-DSAN-07",
      "courses": [
        {
          "code": "100",
          "dept": "BUSC",
          "name": "مقدمة في الإدارة اللوجستية",
          "credits": 2,
          "prerequisites": []
        },
        {
          "code": "411",
          "dept": "CEDS",
          "name": "تصميم وتطبيقات الويب",
          "credits": 4,
          "prerequisites": []
        },
        {
          "code": "412",
          "dept": "CEDS",
          "name": "تعلم الآلة التطبيقي",
          "credits": 4,
          "prerequisites": []
        },
        {
          "code": "413",
          "dept": "CEDS",
          "name": "تصور البيانات",
          "credits": 3,
          "prerequisites": []
        }
      ]
    },
    {
      "level_id": "BS-DSAN-07B",
      "courses": [
        {
          "code": "300",
          "dept": "ISLM",
          "name": "ثقافة إسلامية-3",
          "credits": 2,
          "prerequisites": []
        }
      ]
    },
    {
      "level_id": "BS-DSAN-08",
      "courses": [
        {
          "code": "392",
          "dept": "CEDS",
          "name": "الممارسة المهنية-1",
          "credits": 3,
          "prerequisites": []
        },
        {
          "code": "421",
          "dept": "CEDS",
          "name": "إدارة المشاريع",
          "credits": 3,
          "prerequisites": []
        },
        {
          "code": "422",
          "dept": "CEDS",
          "name": "التعلم العميق التطبيقي",
          "credits": 4,
          "prerequisites": []
        },
        {
          "code": "423",
          "dept": "CEDS",
          "name": "تحليلات تنبؤية",
          "credits": 3,
          "prerequisites": []
        },
        {
          "code": "424",
          "dept": "CEDS",
          "name": "قواعد بيانات متقدمة",
          "credits": 4,
          "prerequisites": []
        }
      ]
    },
    {
      "level_id": "BS-DSAN-09",
      "courses": [
        {
          "code": "495",
          "dept": "CEDS",
          "name": "مشروع تخرج-1",
          "credits": 2,
          "prerequisites": []
        }
      ]
    },
    {
      "level_id": "BS-DSAN-10",
      "courses": [
        {
          "code": "431",
          "dept": "CEDS",
          "name": "تحليل البيانات الضخمة",
          "credits": 4,
          "prerequisites": []
        },
        {
          "code": "441",
          "dept": "CEDS",
          "name": "أمن وخصوصية البيانات",
          "credits": 3,
          "prerequisites": []
        },
        {
          "code": "442",
          "dept": "CEDS",
          "name": "تطبيقات في تحليل البيانات",
          "credits": 4,
          "prerequisites": []
        },
        {
          "code": "496",
          "dept": "CEDS",
          "name": "مشروع تخرج-2",
          "credits": 3,
          "prerequisites": []
        }
      ]
    }
  ]
}