{
  "guide_id": "GUIDE_specialization_uj",
  "title": "دليل التخصيص للطلاب المستجدين بالأقسام داخل الكليات – جامعة جدة",
  "tracks": [
    {
      "track_id": "TRK_health",
      "name_ar": "برامج كليات المسار الصحي",
      "colleges": ["COL_medicine", "COL_applied_medical_sciences"]
    },
    {
      "track_id": "TRK_scientific_humanities",
      "name_ar": "برامج الكليات (العلمية والإنسانية)",
      "colleges": [
        "COL_engineering",
        "COL_computing",
        "COL_IT_khalis",
        "COL_IT_main",
        "COL_design",
        "COL_business",
        "COL_business_khalis",
        "COL_business_full"
      ]
    }
  ],

  "colleges": [
    {
      "college_id": "COL_medicine",
      "name_ar": "كلية الطب",
      "majors": ["MAJ_medicine"]
    },
    {
      "college_id": "COL_applied_medical_sciences",
      "name_ar": "كلية العلوم الطبية التطبيقية",
      "majors": [
        "MAJ_radiology",
        "MAJ_labs",
        "MAJ_nursing"
      ]
    },
    {
      "college_id": "COL_engineering",
      "name_ar": "كلية الهندسة",
      "majors": [
        "MAJ_industrial_eng",
        "MAJ_electrical_eng",
        "MAJ_mechanical_eng",
        "MAJ_materials_eng",
        "MAJ_chemical_eng"
      ]
    },
    {
      "college_id": "COL_computing",
      "name_ar": "كلية علوم وهندسة الحاسب",
      "majors": [
        "MAJ_cybersecurity",
        "MAJ_ai",
        "MAJ_data_science",
        "MAJ_software_eng",
        "MAJ_network_eng",
        "MAJ_computer_science"
      ]
    },
    {
      "college_id": "COL_IT_khalis",
      "name_ar": "كلية الحاسبات وتقنية المعلومات بخليص",
      "majors": ["MAJ_IT"]
    },
    {
      "college_id": "COL_IT_main",
      "name_ar": "كلية الحاسبات وتقنية المعلومات بالكامل",
      "majors": ["MAJ_IT"]
    },
    {
      "college_id": "COL_design",
      "name_ar": "كلية التصاميم والفنون",
      "majors": [
        "MAJ_interior_design_scientific",
        "MAJ_fashion_design_scientific",
        "MAJ_graphic_design_scientific",
        "MAJ_arts_humanities"
      ]
    },
    {
      "college_id": "COL_business",
      "name_ar": "كلية الأعمال",
      "majors": [
        "MAJ_accounting",
        "MAJ_finance",
        "MAJ_supply_chain",
        "MAJ_business_admin_scientific",
        "MAJ_business_admin_humanities",
        "MAJ_health_services_admin",
        "MAJ_hr",
        "MAJ_mis",
        "MAJ_marketing"
      ]
    },
    {
      "college_id": "COL_business_khalis",
      "name_ar": "كلية الأعمال بخليص",
      "majors": [
        "MAJ_accounting",
        "MAJ_finance",
        "MAJ_supply_chain",
        "MAJ_business_admin_scientific",
        "MAJ_business_admin_humanities",
        "MAJ_marketing",
        "MAJ_hr",
        "MAJ_mis",
        "MAJ_health_services_admin"
      ]
    },
    {
      "college_id": "COL_business_full",
      "name_ar": "كلية الأعمال بالكامل",
      "majors": ["MAJ_IT"]
    }
  ],

  "majors": [
    { "major_id": "MAJ_medicine", "name_ar": "طب وجراحة", "college_id": "COL_medicine", "required_hours": 0, "requirements": [] },

    { "major_id": "MAJ_radiology", "name_ar": "تقنية الأشعة التطبيقية", "college_id": "COL_applied_medical_sciences" },
    { "major_id": "MAJ_labs", "name_ar": "المختبرات", "college_id": "COL_applied_medical_sciences" },
    { "major_id": "MAJ_nursing", "name_ar": "التمريض (طالبات)", "college_id": "COL_applied_medical_sciences" },

    { "major_id": "MAJ_industrial_eng", "name_ar": "الهندسة الصناعية وهندسة النظم", "college_id": "COL_engineering" },
    { "major_id": "MAJ_electrical_eng", "name_ar": "الهندسة الكهربائية والإلكترونية", "college_id": "COL_engineering" },
    { "major_id": "MAJ_mechanical_eng", "name_ar": "الهندسة الميكانيكية وهندسة المواد", "college_id": "COL_engineering" },
    { "major_id": "MAJ_materials_eng", "name_ar": "هندسة المواد", "college_id": "COL_engineering" },
    { "major_id": "MAJ_chemical_eng", "name_ar": "الهندسة الكيميائية", "college_id": "COL_engineering" },

    { "major_id": "MAJ_cybersecurity", "name_ar": "الأمن السيبراني", "college_id": "COL_computing", "required_hours": 27, "requirements": ["CECS121", "CECS122"] },
    { "major_id": "MAJ_ai", "name_ar": "الذكاء الاصطناعي", "college_id": "COL_computing", "required_hours": 27, "requirements": ["CECS121", "CECS122"] },
    { "major_id": "MAJ_data_science", "name_ar": "علوم البيانات", "college_id": "COL_computing", "required_hours": 27, "requirements": ["CECS121", "CECS122"] },
    { "major_id": "MAJ_software_eng", "name_ar": "هندسة البرمجيات", "college_id": "COL_computing", "required_hours": 27, "requirements": ["CECS121", "CECS122"] },
    { "major_id": "MAJ_network_eng", "name_ar": "هندسة الحاسب والشبكات", "college_id": "COL_computing", "required_hours": 27, "requirements": ["CECS121", "CECS122"] },
    { "major_id": "MAJ_computer_science", "name_ar": "علوم الحاسب", "college_id": "COL_computing", "required_hours": 27, "requirements": ["CECS121", "CECS122"] },

    { "major_id": "MAJ_IT", "name_ar": "تقنية المعلومات", "college_id": "COL_IT_khalis", "required_hours": 0, "requirements": ["CTIT121", "CTIT122"] },

    { "major_id": "MAJ_interior_design_scientific", "name_ar": "التصميم الداخلي (علمي)", "college_id": "COL_design" },
    { "major_id": "MAJ_fashion_design_scientific", "name_ar": "تصميم الأزياء (علمي)", "college_id": "COL_design" },
    { "major_id": "MAJ_graphic_design_scientific", "name_ar": "تصميم الجرافيك (علمي)", "college_id": "COL_design" },
    { "major_id": "MAJ_arts_humanities", "name_ar": "الرسم والفنون (إنساني)", "college_id": "COL_design" },

    {
      "major_id": "MAJ_accounting",
      "name_ar": "محاسبة",
      "college_id": "COL_business",
      "required_hours": 27,
      "requirements": ["BUAC111", "SCMT110", "SCST121"]
    },
    {
      "major_id": "MAJ_finance",
      "name_ar": "المالية والاقتصاد",
      "college_id": "COL_business",
      "required_hours": 27,
      "requirements": ["SCMT110", "SCST121", "BUFE121"]
    },
    {
      "major_id": "MAJ_supply_chain",
      "name_ar": "إدارة سلسلة الإمداد",
      "college_id": "COL_business",
      "required_hours": 27
    },
    {
      "major_id": "MAJ_business_admin_scientific",
      "name_ar": "إدارة الأعمال (علمي)",
      "college_id": "COL_business"
    },
    {
      "major_id": "MAJ_business_admin_humanities",
      "name_ar": "إدارة الأعمال (إنساني)",
      "college_id": "COL_business"
    },
    {
      "major_id": "MAJ_health_services_admin",
      "name_ar": "إدارة الخدمات الصحية والمستشفيات",
      "college_id": "COL_business"
    },
    { "major_id": "MAJ_mis", "name_ar": "إدارة نظم المعلومات", "college_id": "COL_business" },
    { "major_id": "MAJ_hr", "name_ar": "إدارة الموارد البشرية", "college_id": "COL_business" },
    { "major_id": "MAJ_marketing", "name_ar": "التسويق", "college_id": "COL_business" }
  ],

  "general_requirements": [
    "أن يكون الطالب/ـة قد أنهى فصول الخطة الدراسية المحددة له",
    "استيفاء جميع الشروط الخاصة بالتخصص",
    "يكون التخصيص مفاضلة حسب المعدلات والمقاعد المتاحة"
  ],

  "application_process": [
    "الدخول على نظام الخدمات الذاتية ssb.uj.edu.sa",
    "اختيار الطالب",
    "اختيار التخصص / التحويل",
    "اختيار الفصل الدراسي",
    "اختيار الرغبات",
    "تأكيد الطلب"
  ],

  "important_notes": [
    "يجب التأكد من ترتيب الرغبات حسب الأولوية",
    "يمكن تعديل الرغبات حتى آخر يوم من الفترة المحددة",
    "لا يمكن طلب ترقية رغبة بعد إعلان النتائج"
  ]
}
