| رقم | اسم الطالبة     | المادة                           | البريد الإلكتروني                                                   |
| --- | --------------- | -------------------------------- | ------------------------------------------------------------------- |
| 3   | نورة القحطاني   | أخلاقيات وحوكمة الحاسب           | [nwrh.alqhtany@outlook.com](mailto:nwrh.alqhtany@outlook.com)       |
| 4   | رهف السويلم     | أخلاقيات وحوكمة الحاسب           | [rhf.alswylm@outlook.com](mailto:rhf.alswylm@outlook.com)           |
| 5   | دانه الغامدي    | أساسيات الأمن السيبراني          | [danh.alghamdy@outlook.com](mailto:danh.alghamdy@outlook.com)       |
| 6   | شهد المري       | أساسيات الأمن السيبراني          | [shhd.almry@outlook.com](mailto:shhd.almry@outlook.com)             |
| 7   | غادة السديري    | أساسيات الإنسان الآلي            | [ghadh.alsdyry@outlook.com](mailto:ghadh.alsdyry@outlook.com)       |
| 8   | بيان اليحيا     | أساسيات الإنسان الآلي            | [byan.alyhya@outlook.com](mailto:byan.alyhya@outlook.com)           |
| 9   | أريج السديري    | أساسيات التحسين والبحوث          | [aryj.alsdyry@outlook.com](mailto:aryj.alsdyry@outlook.com)         |
| 10  | حنان السدحان    | أساسيات التحسين والبحوث          | [hnan.alsdhan@outlook.com](mailto:hnan.alsdhan@outlook.com)         |
| 11  | جود العبدالله   | أساسيات الذكاء الاصطناعي         | [jwd.alabdallah@outlook.com](mailto:jwd.alabdallah@outlook.com)     |
| 12  | مريم الحربي     | أساسيات الذكاء الاصطناعي         | [mrym.alhrby@outlook.com](mailto:mrym.alhrby@outlook.com)           |
| 13  | هند السويلم     | أساسيات معالجة اللغات الطبيعية   | [hnd.alswylim@outlook.com](mailto:hnd.alswylim@outlook.com)         |
| 14  | بدور القرعاوي   | أساسيات معالجة اللغات الطبيعية   | [bdwr.alqrawy@outlook.com](mailto:bdwr.alqrawy@outlook.com)         |
| 15  | بسمة الهذلي     | أسس تحليل البيانات               | [bsmah.alhthly@outlook.com](mailto:bsmah.alhthly@outlook.com)       |
| 16  | روان التميمي    | أسس تحليل البيانات               | [rwan.altmymy@outlook.com](mailto:rwan.altmymy@outlook.com)         |
| 17  | مرام الزهراني   | أمن أنظمة التحكم الصناعية        | [mram.alzhrany@outlook.com](mailto:mram.alzhrany@outlook.com)       |
| 18  | مشاعل القرني    | أمن أنظمة التحكم الصناعية        | [mshael.alqrny@outlook.com](mailto:mshael.alqrny@outlook.com)       |
| 19  | نجلاء البلوي    | أمن الشبكات                      | [njla.alblwy@outlook.com](mailto:njla.alblwy@outlook.com)           |
| 20  | هيفاء الشهري    | أمن الشبكات                      | [hyfa.alshhry@outlook.com](mailto:hyfa.alshhry@outlook.com)         |
| 21  | سمية الفوزان    | أمن الشبكات السيبراني            | [somyah.alfwzan@outlook.com](mailto:somyah.alfwzan@outlook.com)     |
| 22  | هند العواجي     | أمن الشبكات السيبراني            | [hnd.alawajy@outlook.com](mailto:hnd.alawajy@outlook.com)           |
| 23  | صفاء العتيبي    | أمن الوسيطية السحابية            | [sfa.alatyby@outlook.com](mailto:sfa.alatyby@outlook.com)           |
| 24  | عهود التميمي    | أمن الوسيطية السحابية            | [ahwd.altmymy@outlook.com](mailto:ahwd.altmymy@outlook.com)         |
| 25  | مرام المطيري    | أمن أنظمة التحكم الصناعية        | [mram.almtyry@outlook.com](mailto:mram.almtyry@outlook.com)         |
| 26  | غدير الحازمي    | أمن البرمجيات                    | [ghdyr.alhazmy@outlook.com](mailto:ghdyr.alhazmy@outlook.com)       |
| 27  | ياسمين الرشيد   | أمن البرمجيات                    | [yasmyn.alrshyd@outlook.com](mailto:yasmyn.alrshyd@outlook.com)     |
| 28  | تالا العبدالله  | أمن قواعد البيانات               | [tala.alabdallah@outlook.com](mailto:tala.alabdallah@outlook.com)   |
| 29  | ليان العريني    | أمن قواعد البيانات               | [lyn.alareny@outlook.com](mailto:lyn.alareny@outlook.com)           |
| 30  | فاطمة البلوي    | أمن وخصوصية البيانات             | [fatmh.alblwy@outlook.com](mailto:fatmh.alblwy@outlook.com)         |
| 31  | إلهام المقبل    | أمن وخصوصية البيانات             | [elham.almqbl@outlook.com](mailto:elham.almqbl@outlook.com)         |
| 32  | سارة الهذلي     | تحليل البيانات                   | [sarh.alhthly@outlook.com](mailto:sarh.alhthly@outlook.com)         |
| 33  | مها العتيق      | تحليل البيانات                   | [mha.alateeq@outlook.com](mailto:mha.alateeq@outlook.com)           |
| 34  | غزال العواجي    | تحليل البيانات الضخمة            | [ghzal.alawajy@outlook.com](mailto:ghzal.alawajy@outlook.com)       |
| 35  | لمى السويلح     | تحليل البيانات الضخمة            | [lma.alswylh@outlook.com](mailto:lma.alswylh@outlook.com)           |
| 36  | تالا العمري     | تحليل و اختراق الثغرات           | [tala.alamry@outlook.com](mailto:tala.alamry@outlook.com)           |
| 37  | ليان السويلم    | تحليل و اختراق الثغرات           | [lyn.alswylim@outlook.com](mailto:lyn.alswylim@outlook.com)         |
| 38  | نوف الشمري      | تحليلات تنبؤية                   | [nwf.alshmry@outlook.com](mailto:nwf.alshmry@outlook.com)           |
| 39  | يارا الدوسري    | تحليلات تنبؤية                   | [yara.aldwsry@outlook.com](mailto:yara.aldwsry@outlook.com)         |
| 40  | نورة المطلق     | تدريب ميداني                     | [nwrh.almatlaq@outlook.com](mailto:nwrh.almatlaq@outlook.com)       |
| 41  | حنان الحارثي    | تدريب ميداني                     | [hnan.alharthy@outlook.com](mailto:hnan.alharthy@outlook.com)       |
| 42  | ريم البقمي      | تشفير                            | [rym.albqmy@outlook.com](mailto:rym.albqmy@outlook.com)             |
| 43  | عهود القرني     | تشفير                            | [ahwd.alqrny@outlook.com](mailto:ahwd.alqrny@outlook.com)           |
| 44  | هاجر اليامي     | تطوير الويب                      | [hajr.alyamy@outlook.com](mailto:hajr.alyamy@outlook.com)           |
| 45  | بسمة المالكي    | تطوير الويب                      | [bsmah.almlky@outlook.com](mailto:bsmah.almlky@outlook.com)         |
| 46  | تهاني السديري   | تطوير وأمن الويب                 | [thany.alsdyry@outlook.com](mailto:thany.alsdyry@outlook.com)       |
| 47  | مشاعل الحربي    | تطوير وأمن الويب                 | [mshael.alhrby@outlook.com](mailto:mshael.alhrby@outlook.com)       |
| 48  | أمل التميمي     | تفاعل الإنسان والحاسب            | [amal.altmymy@outlook.com](mailto:amal.altmymy@outlook.com)         |
| 49  | نجلاء القرعاوي  | تفاعل الإنسان والحاسب            | [njla.alqrawy@outlook.com](mailto:njla.alqrawy@outlook.com)         |
| 50  | جمانة السدحان   | تصميم المنطق الرقمي              | [jmana.alsdhan@outlook.com](mailto:jmana.alsdhan@outlook.com)       |
| 51  | مرام الفهد      | تصميم المنطق الرقمي              | [mram.alfhd@outlook.com](mailto:mram.alfhd@outlook.com)             |
| 52  | غدير العواجي    | تصميم وتطبيقات الويب             | [ghdyr.alawajy@outlook.com](mailto:ghdyr.alawajy@outlook.com)       |
| 53  | ليان الشمراني   | تصميم وتطبيقات الويب             | [lyn.alshmrany@outlook.com](mailto:lyn.alshmrany@outlook.com)       |
| 54  | عبير العبدالله  | تصميم ومعمارية البرمجيات         | [abeer.alabdallah@outlook.com](mailto:abeer.alabdallah@outlook.com) |
| 55  | هناء البلوي     | تصميم ومعمارية البرمجيات         | [hna.alblwy@outlook.com](mailto:hna.alblwy@outlook.com)             |
| 56  | سهى القرني      | تصميم وتحليل الخوارزميات         | [soha.alqrny@outlook.com](mailto:soha.alqrny@outlook.com)           |
| 57  | سمر الزهراني    | تصميم وتحليل الخوارزميات         | [smr.alzhrany@outlook.com](mailto:smr.alzhrany@outlook.com)         |
| 58  | عنود العمران    | تصميم وتطبيقات الويب             | [anwd.alomran@outlook.com](mailto:anwd.alomran@outlook.com)         |
| 59  | مرام المقبل     | تصميم وتطبيقات الويب             | [mram.almqbl@outlook.com](mailto:mram.almqbl@outlook.com)           |
| 60  | غدير العيسى     | تصميم عمليات البرمجيات           | [ghdyr.alaysa@outlook.com](mailto:ghdyr.alaysa@outlook.com)         |
| 61  | ياسمين السديري  | تصميم عمليات البرمجيات           | [yasmyn.alsdyry@outlook.com](mailto:yasmyn.alsdyry@outlook.com)     |
| 62  | ندى العتيبي     | تصور البيانات                    | [nda.alatyby@outlook.com](mailto:nda.alatyby@outlook.com)           |
| 63  | رويدة البليهد   | تصور البيانات                    | [rwydh.alblhyd@outlook.com](mailto:rwydh.alblhyd@outlook.com)       |
| 64  | رزان الفوزان    | تطوير الويب                      | [rzan.alfwzan@outlook.com](mailto:rzan.alfwzan@outlook.com)         |
| 65  | بيسان التركي    | تطوير الويب                      | [bysan.alturky@outlook.com](mailto:bysan.alturky@outlook.com)       |
| 66  | شهد الهذلي      | تطبيقات في تحليل البيانات        | [shhd.alhthly@outlook.com](mailto:shhd.alhthly@outlook.com)         |
| 67  | لين السويلح     | تطبيقات في تحليل البيانات        | [lyn.alswylh@outlook.com](mailto:lyn.alswylh@outlook.com)           |
| 68  | جواهر الرشيد    | تعلم الآلة التطبيقي              | [jawahr.alrshyd@outlook.com](mailto:jawahr.alrshyd@outlook.com)     |
| 69  | هاجر العواد     | تعلم الآلة التطبيقي              | [hajr.alawad@outlook.com](mailto:hajr.alawad@outlook.com)           |
| 70  | روان السويلم    | تعلم الآلة التطبيقي              | [rwan.alswylim@outlook.com](mailto:rwan.alswylim@outlook.com)       |
| 71  | بيان العبدالله  | تعلم الآلة التطبيقي              | [byan.alabdallah@outlook.com](mailto:byan.alabdallah@outlook.com)   |
| 72  | لمى الحربي      | تعلم الآلة                       | [lma.alhrby@outlook.com](mailto:lma.alhrby@outlook.com)             |
| 73  | مها التميمي     | تعلم الآلة                       | [mha.altmymy@outlook.com](mailto:mha.altmymy@outlook.com)           |
| 74  | رغد المطيري     | تعلم الآلة                       | [rghd.almtyry@outlook.com](mailto:rghd.almtyry@outlook.com)         |
| 75  | نجلاء القرني    | تعلم الآلة                       | [njla.alqrny@outlook.com](mailto:njla.alqrny@outlook.com)           |
| 76  | رويدة السبيعي   | تعلم عميق                        | [rwydh.alsbyay@outlook.com](mailto:rwydh.alsbyay@outlook.com)       |
| 77  | منال الشهري     | تعلم عميق                        | [minaal.alshhry@outlook.com](mailto:minaal.alshhry@outlook.com)     |
| 78  | أمل العتيق      | التعلم العميق                    | [amal.alateeq@outlook.com](mailto:amal.alateeq@outlook.com)         |
| 79  | ميس الهذلي      | التعلم العميق                    | [mys.alhthly@outlook.com](mailto:mys.alhthly@outlook.com)           |
| 80  | ياسمين البلوي   | التعلم العميق التطبيقي           | [yasmyn.alblwy@outlook.com](mailto:yasmyn.alblwy@outlook.com)       |
| 81  | مرام الفوزان    | التعلم العميق التطبيقي           | [mram.alfwzan@outlook.com](mailto:mram.alfwzan@outlook.com)         |
| 82  | لين العريني     | تمثيل المعرفة                    | [lyn.alareny@outlook.com](mailto:lyn.alareny@outlook.com)           |
| 83  | تالا السدحان    | تمثيل المعرفة                    | [tala.alsdhan@outlook.com](mailto:tala.alsdhan@outlook.com)         |
| 84  | دانه القحطاني   | تمييز الأشكال                    | [danh.alqhtany@outlook.com](mailto:danh.alqhtany@outlook.com)       |
| 85  | بيان الغامدي    | تمييز الأشكال                    | [byan.alghamdy@outlook.com](mailto:byan.alghamdy@outlook.com)       |          |
| 104 | بيسان الحربي    | جنائيات الحاسب                   | [bysan.alhrby@outlook.com](mailto:bysan.alhrby@outlook.com)         |
| 105 | روان الغامدي    | جنائيات الحاسب                   | [rwan.alghamdy@outlook.com](mailto:rwan.alghamdy@outlook.com)       |
| 106 | مرام الزهراني   | دوائر كهربائية                   | [mram.alzhrany@outlook.com](mailto:mram.alzhrany@outlook.com)       |
| 107 | رغد السبيعي     | دوائر كهربائية                   | [rghd.alsbyay@outlook.com](mailto:rghd.alsbyay@outlook.com)         |
| 108 | تالا الشهري     | رؤية حاسوبية                     | [tala.alshhry@outlook.com](mailto:tala.alshhry@outlook.com)         |
| 109 | شهد اليحيا      | رؤية حاسوبية                     | [shhd.alyhya@outlook.com](mailto:shhd.alyhya@outlook.com)           |
| 110 | غدير الشمراني   | الرؤية الحاسوبية                 | [ghdyr.alshmrany@outlook.com](mailto:ghdyr.alshmrany@outlook.com)   |
| 111 | لين الدوسري     | الرؤية الحاسوبية                 | [lyn.aldwsry@outlook.com](mailto:lyn.aldwsry@outlook.com)           |
| 112 | يسرى العنبر     | الرؤية الحاسوبية المتقدمة        | [ysra.alanbr@outlook.com](mailto:ysra.alanbr@outlook.com)           |
| 113 | بيان الحازمي    | الرؤية الحاسوبية المتقدمة        | [byan.alhazmy@outlook.com](mailto:byan.alhazmy@outlook.com)         |
| 114 | عنود القرعاوي   | رياضيات متقدمة حاسوبية           | [anwd.alqrawy@outlook.com](mailto:anwd.alqrawy@outlook.com)         |
| 115 | رنا السويلح     | رياضيات متقدمة حاسوبية           | [rna.alswylh@outlook.com](mailto:rna.alswylh@outlook.com)           |
| 116 | هدى السويلم     | رياضيات متقطعة                   | [hda.alswylim@outlook.com](mailto:hda.alswylim@outlook.com)         |
| 117 | نجلاء الفهد     | رياضيات متقطعة                   | [njla.alfhd@outlook.com](mailto:njla.alfhd@outlook.com)             |
| 118 | نورة البقمي     | ريادة وإدارة المشاريع            | [nwrh.albqmy@outlook.com](mailto:nwrh.albqmy@outlook.com)           |
| 119 | مرام العواجي    | ريادة وإدارة المشاريع            | [mram.alawajy@outlook.com](mailto:mram.alawajy@outlook.com)         |
| 120 | جود العمران     | شبكات الاتصالات اللاسلكية        | [jwd.alomran@outlook.com](mailto:jwd.alomran@outlook.com)           |
| 121 | ياسمين البلوي   | شبكات الاتصالات اللاسلكية        | [yasmyn.alblwy@outlook.com](mailto:yasmyn.alblwy@outlook.com)       |
| 122 | تهاني العمري    | شبكات الحاسب                     | [thany.alamry@outlook.com](mailto:thany.alamry@outlook.com)         |
| 123 | صفاء العتيق     | شبكات الحاسب                     | [sfa.alateeq@outlook.com](mailto:sfa.alateeq@outlook.com)           |
| 124 | نوف القرني      | شبكات الحاسب                     | [nwf.alqrny@outlook.com](mailto:nwf.alqrny@outlook.com)             |
| 125 | لين الحارثي     | شبكات الحاسب                     | [lyn.alharthy@outlook.com](mailto:lyn.alharthy@outlook.com)         |
| 126 | مرام العتيبي    | شبكات الحاسب                     | [mram.alatyby@outlook.com](mailto:mram.alatyby@outlook.com)         |
| 127 | بيسان المطيري   | شبكات الحاسب                     | [bysan.almtyry@outlook.com](mailto:bysan.almtyry@outlook.com)       |
| 128 | رنا البليهد     | شبكات عصبية                      | [rna.alblhyd@outlook.com](mailto:rna.alblhyd@outlook.com)           |
| 129 | جمانة السديري   | شبكات عصبية                      | [jmana.alsdyry@outlook.com](mailto:jmana.alsdyry@outlook.com)       |
| 130 | حنان الشمراني   | شبكات عصبية                      | [hnan.alshmrany@outlook.com](mailto:hnan.alshmrany@outlook.com)     |
| 131 | هاجر الدوسري    | شبكات عصبية                      | [hajr.aldwsry@outlook.com](mailto:hajr.aldwsry@outlook.com)         |
| 132 | رويدة الفوزان   | شبكات الوسيطية السحابية          | [rwydh.alfwzan@outlook.com](mailto:rwydh.alfwzan@outlook.com)       |
| 133 | بسمة العريني    | شبكات الوسيطية السحابية          | [bsmah.alareny@outlook.com](mailto:bsmah.alareny@outlook.com)       |
| 134 | جنى المقبل      | علم البيانات                     | [jna.almqbl@outlook.com](mailto:jna.almqbl@outlook.com)             |
| 135 | مرام العبدالله  | علم البيانات                     | [mram.alabdallah@outlook.com](mailto:mram.alabdallah@outlook.com)   |
| 136 | هدى القرعاوي    | عمارة عمليات البرمجيات           | [hda.alqrawy@outlook.com](mailto:hda.alqrawy@outlook.com)           |
| 137 | نجلاء التركي    | عمارة عمليات البرمجيات           | [njla.alturky@outlook.com](mailto:njla.alturky@outlook.com)         |
| 138 | غيداء السويلم   | عمارة الحوسبة السحابية           | [ghyda.alswylim@outlook.com](mailto:ghyda.alswylim@outlook.com)     |
| 139 | مرام السديري    | عمارة الحوسبة السحابية           | [mram.alsdyry@outlook.com](mailto:mram.alsdyry@outlook.com)         |
| 140 | ندى الحازمي     | عمارة نظم التشغيل                | [nda.alhazmy@outlook.com](mailto:nda.alhazmy@outlook.com)           |
| 141 | ياسمين العتيق   | عمارة نظم التشغيل                | [yasmyn.alateeq@outlook.com](mailto:yasmyn.alateeq@outlook.com)     |          |
| 172 | لين العبدالله   | مقدمة برمجة                      | [lyn.alabdallah@outlook.com](mailto:lyn.alabdallah@outlook.com)     |
| 173 | جود الحربي      | مقدمة برمجة                      | [jwd.alhrby@outlook.com](mailto:jwd.alhrby@outlook.com)             |
| 174 | ياسمين التميمي  | مقدمة برمجية                     | [yasmyn.altmymy@outlook.com](mailto:yasmyn.altmymy@outlook.com)     |
| 175 | صفاء البقمي     | مقدمة برمجية                     | [sfa.albqmy@outlook.com](mailto:sfa.albqmy@outlook.com)             |
| 176 | تالا العبدالله  | مقدمة في تعلم الآلة              | [tala.alabdallah@outlook.com](mailto:tala.alabdallah@outlook.com)   |
| 177 | غيداء العتيبي   | مقدمة في تعلم الآلة              | [ghyda.alatyby@outlook.com](mailto:ghyda.alatyby@outlook.com)       |
| 178 | مرام القحطاني   | مقدمة في شبكات الحاسب            | [mram.alqhtany@outlook.com](mailto:mram.alqhtany@outlook.com)       |
| 179 | نجلاء الغامدي   | مقدمة في شبكات الحاسب            | [njla.alghamdy@outlook.com](mailto:njla.alghamdy@outlook.com)       |
| 180 | إلهام الزهراني  | مقدمة في علوم البيانات           | [elham.alzhrany@outlook.com](mailto:elham.alzhrany@outlook.com)     |
| 181 | حصة الشهراني    | مقدمة في علوم البيانات           | [hsa.alshhrany@outlook.com](mailto:hsa.alshhrany@outlook.com)       |
| 182 | تهاني السويلم   | مقدمة قواعد بيانات               | [thany.alswylim@outlook.com](mailto:thany.alswylim@outlook.com)     |
| 183 | بسمة العقل      | مقدمة قواعد بيانات               | [bsmah.alaql@outlook.com](mailto:bsmah.alaql@outlook.com)           |          |
| 194 | منى العواجي     | نظم التشغيل                      | [mna.alawajy@outlook.com](mailto:mna.alawajy@outlook.com)           |
| 195 | لين الحربي      | نظم التشغيل                      | [lyn.alhrby@outlook.com](mailto:lyn.alhrby@outlook.com)             |
| 196 | رزان القرني     | نظم التشغيل                      | [rzan.alqrny@outlook.com](mailto:rzan.alqrny@outlook.com)           |
| 197 | سعاد العتيبي    | نظم التشغيل                      | [swad.alatyby@outlook.com](mailto:swad.alatyby@outlook.com)         |
| 198 | مها القحطاني    | نظرية الحوسبة                    | [mha.alqhtany@outlook.com](mailto:mha.alqhtany@outlook.com)         |
| 199 | ألماس العيسى    | نظرية الحوسبة                    | [almas.alaysa@outlook.com](mailto:almas.alaysa@outlook.com)         |
| 200 | سمر العتيبي     | نظرية البرمجة                    | [smr.alatyby@outlook.com](mailto:smr.alatyby@outlook.com)           |
| 201 | نوال الحارثي    | نظرية البرمجة                    | [nwal.alharthy@outlook.com](mailto:nwal.alharthy@outlook.com)       |
| 202 | مرام الزهراني   | هندسة أمن البرمجيات              | [mram.alzhrany@outlook.com](mailto:mram.alzhrany@outlook.com)       |
| 203 | لين العبدالله   | هندسة أمن البرمجيات              | [lyn.alabdallah@outlook.com](mailto:lyn.alabdallah@outlook.com)     |
| 204 | وجدان العواجي   | هندسة الحوسبة السحابية           | [wgdan.alawajy@outlook.com](mailto:wgdan.alawajy@outlook.com)       |
| 205 | أروى البلوي     | هندسة الحوسبة السحابية           | [arwa.alblwy@outlook.com](mailto:arwa.alblwy@outlook.com)           |
| 206 | هناء الغامدي    | هندسة البرمجيات                  | [hna.alghamdy@outlook.com](mailto:hna.alghamdy@outlook.com)         |
| 207 | سارة المطيري    | هندسة البرمجيات                  | [sarh.almtyry@outlook.com](mailto:sarh.almtyry@outlook.com)         |
| 208 | ميساء الشهري    | هندسة ومعمارية الأمن السيبراني   | [mysaa.alshhry@outlook.com](mailto:mysaa.alshhry@outlook.com)       |
| 209 | رؤى العسيري     | هندسة ومعمارية الأمن السيبراني   | [roaa.alasery@outlook.com](mailto:roaa.alasery@outlook.com)         |
| 210 | أمل السديري     | هندسةكسية وتحليل البرمج          | [amal.alsdyry@outlook.com](mailto:amal.alsdyry@outlook.com)         |
| 211 | جواهر الحربي    | هندسةكسية وتحليل البرمج          | [jawahr.alhrby@outlook.com](mailto:jawahr.alhrby@outlook.com)       |
| 212 | مرام السويلم    | هيكلة وتنظيم الحاسوب             | [mram.alswylim@outlook.com](mailto:mram.alswylim@outlook.com)       |
| 213 | رغد العقل       | هيكلة وتنظيم الحاسوب             | [rghd.alaql@outlook.com](mailto:rghd.alaql@outlook.com)             |
| 214 | تهاني الدوسري   | اتصالات البيانات                 | [thany.aldwsry@outlook.com](mailto:thany.aldwsry@outlook.com)       |
| 215 | ريهام العنبر    | اتصالات البيانات                 | [ryham.alanbr@outlook.com](mailto:ryham.alanbr@outlook.com)         |          |
| 224 | صفاء السويلح    | إحصاءات طبية و حيوية             | [sfa.alswylh@outlook.com](mailto:sfa.alswylh@outlook.com)           |
| 225 | هند الفوزان     | إحصاءات طبية و حيوية             | [hnd.alfwzan@outlook.com](mailto:hnd.alfwzan@outlook.com)           |
| 226 | لجين المري      | احتمالات تطبيق. و. عشوائية       | [ljyn.almry@outlook.com](mailto:ljyn.almry@outlook.com)             |
| 227 | ياسمين القرعاوي | احتمالات تطبيق. و. عشوائية       | [yasmyn.alqrawy@outlook.com](mailto:yasmyn.alqrawy@outlook.com)     |
| 228 | بيسان العمري    | احتمالات تطبيقية و نماذج عشوائية | [bysan.alamry@outlook.com](mailto:bysan.alamry@outlook.com)         |
| 229 | هدى البليهد     | احتمالات تطبيقية و نماذج عشوائية | [hda.alblhyd@outlook.com](mailto:hda.alblhyd@outlook.com)           |
| 230 | مرام التميمي    | احتمالات إحصائية. جبر. عشوائية   | [mram.altmymy@outlook.com](mailto:mram.altmymy@outlook.com)         |
| 231 | غدير القرعاوي   | احتمالات إحصائية. جبر. عشوائية   | [ghdyr.alqrawy@outlook.com](mailto:ghdyr.alqrawy@outlook.com)       |
| 232 | نورة الشهري     | جبر خطي                          | [nwrh.alshhry@outlook.com](mailto:nwrh.alshhry@outlook.com)         |
| 233 | سمر الحربي      | جبر خطي                          | [smr.alhrby@outlook.com](mailto:smr.alhrby@outlook.com)             |
| 234 | رنا العسيري     | جبر خطي                          | [rna.alasery@outlook.com](mailto:rna.alasery@outlook.com)           |
| 235 | نجلاء السويلم   | جبر خطي                          | [njla.alswylim@outlook.com](mailto:njla.alswylim@outlook.com)       |
| 236 | يسرى الزهراني   | تحليلات تنبؤية                   | [ysra.alzhrany@outlook.com](mailto:ysra.alzhrany@outlook.com)       |
| 237 | غيداء القحطاني  | تحليلات تنبؤية                   | [ghyda.alqhtany@outlook.com](mailto:ghyda.alqhtany@outlook.com)     |
| 238 | مها الحارثي     | تنقيب البيانات                   | [mha.alharthy@outlook.com](mailto:mha.alharthy@outlook.com)         |
| 239 | مرام العتيبي    | تنقيب البيانات                   | [mram.alatyby@outlook.com](mailto:mram.alatyby@outlook.com)         |
| 240 | تهاني السبيعي   | إدارة وحوكمة البيانات            | [thany.alsbyay@outlook.com](mailto:thany.alsbyay@outlook.com)       |
| 241 | نجلاء البقمي    | إدارة وحوكمة البيانات            | [njla.albqmy@outlook.com](mailto:njla.albqmy@outlook.com)           |
| 242 | مشاعل المطيري   | الاحترافية وإعداد التقارير       | [mshael.almtyry@outlook.com](mailto:mshael.almtyry@outlook.com)     |
| 243 | عبير العوّاد    | الاحترافية وإعداد التقارير       | [abeer.alawad@outlook.com](mailto:abeer.alawad@outlook.com)         |
| 244 | رغد الهذلي      | تحليلات تنبؤية                   | [rghd.alhthly@outlook.com](mailto:rghd.alhthly@outlook.com)         |
| 245 | ياسمين الشمراني | تحليلات تنبؤية                   | [yasmyn.alshmrany@outlook.com](mailto:yasmyn.alshmrany@outlook.com) |
| 246 | أمل الزهراني    | تحليل البيانات                   | [amal.alzhrany@outlook.com](mailto:amal.alzhrany@outlook.com)       |
| 247 | نوف اليامي      | تحليل البيانات                   | [nwf.alyamy@outlook.com](mailto:nwf.alyamy@outlook.com)             |
| 248 | روان الفيفي     | حقيقة مختلطة                     | [rwan.alfyfy@outlook.com](mailto:rwan.alfyfy@outlook.com)           |
| 249 | بيان الدوسري    | حقيقة مختلطة                     | [byan.aldwsry@outlook.com](mailto:byan.aldwsry@outlook.com)         |
| 250 | لمى الحازمي     | معالجة اللغات الطبيعية           | [lma.alhazmy@outlook.com](mailto:lma.alhazmy@outlook.com)           |
| 251 | أريج العسيري    | معالجة اللغات الطبيعية           | [aryj.alasery@outlook.com](mailto:aryj.alasery@outlook.com)         |
| 252 | سارة القحطاني   | أساسيات الإنسان الآلي            | [sarh.alqhtany@outlook.com](mailto:sarh.alqhtany@outlook.com)       |
| 253 | هناء الشهري     | أساسيات الإنسان الآلي            | [hna.alshhry@outlook.com](mailto:hna.alshhry@outlook.com)           |
| 254 | ريم البليهد     | أساسيات الذكاء الاصطناعي         | [rym.alblhyd@outlook.com](mailto:rym.alblhyd@outlook.com)           |
| 255 | نورة الفوزان    | أساسيات الذكاء الاصطناعي         | [nwrh.alfwzan@outlook.com](mailto:nwrh.alfwzan@outlook.com)         |
| 256 | جود العتيبي     | تعلم الآلة                       | [jwd.alatyby@outlook.com](mailto:jwd.alatyby@outlook.com)           |
| 257 | فاطمة الغامدي   | تعلم الآلة                       | [fatmh.alghamdy@outlook.com](mailto:fatmh.alghamdy@outlook.com)     |
| 258 | رنا المطيري     | تعلم عميق                        | [rna.almtyry@outlook.com](mailto:rna.almtyry@outlook.com)           |
| 259 | مرام الشهري     | تعلم عميق                        | [mram.alshhry@outlook.com](mailto:mram.alshhry@outlook.com)         |
| 260 | ليان العمران    | رؤية حاسوبية                     | [lyn.alomran@outlook.com](mailto:lyn.alomran@outlook.com)           |
| 261 | بسمة السويلم    | رؤية حاسوبية                     | [bsmah.alswylim@outlook.com](mailto:bsmah.alswylim@outlook.com)     |
| 262 | تهاني التميمي   | تمييز الأشكال                    | [thany.altmymy@outlook.com](mailto:thany.altmymy@outlook.com)       |
| 263 | مشاعل الشهراني  | تمييز الأشكال                    | [mshael.alshhrany@outlook.com](mailto:mshael.alshhrany@outlook.com) |
| 264 | هناء المالكي    | شبكات عصبية                      | [hna.almlky@outlook.com](mailto:hna.almlky@outlook.com)             |
| 265 | غزل العسيري     | شبكات عصبية                      | [ghzal.alasery@outlook.com](mailto:ghzal.alasery@outlook.com)       |
| 266 | لين القرني      | تحليل البيانات                   | [lyn.alqrny@outlook.com](mailto:lyn.alqrny@outlook.com)             |
| 267 | مرام السبيعي    | تحليل البيانات                   | [mram.alsbyay@outlook.com](mailto:mram.alsbyay@outlook.com)         |
| 268 | ياسمين الهذلي   | أساسيات الإنسان الآلي            | [yasmyn.alhthly@outlook.com](mailto:yasmyn.alhthly@outlook.com)     |
