[
  {"id":"chunk_001","category":"transform_intro","text":"دليل التحويل الداخلي بين كليات وأقسام جامعة جدة. يشمل شروط التحويل، أنواع التحويل، والمتطلبات الأكاديمية."},
  {"id":"chunk_002","category":"transform_rules_general","text":"يحق للطالب أو الطالبة التقديم على التحويل وفق المواعيد المحددة في التقويم الأكاديمي من خلال نظام الخدمات الذاتية ODUS."},
  {"id":"chunk_003","category":"transform_rules_general","text":"لا يمكن للطالب تعديل الرغبات أو إلغاؤها بعد انتهاء فترة التقديم، ولا يمكن التراجع بعد إعلان النتائج."},
  {"id":"chunk_004","category":"transform_conditions","text":"يشترط لاختبار التحويل اجتياز المواد المعيارية المحددة لكل برنامج في حال وجودها."},
  {"id":"chunk_005","category":"transform_type_definition","text":"التحويل السنوي: التقديم مرة واحدة في السنة حسب تقويم الجامعة."},
  {"id":"chunk_006","category":"transform_type_definition","text":"التحويل الفصلي: التقديم خلال فصل دراسي محدد ويشمل مواد معيارية إن وجدت."},
  {"id":"chunk_007","category":"college_sciences_medical","text":"كلية العلوم الطبية التطبيقية – برامج التحويل: تقنية الأشعة، المختبرات، التمريض."},
  {"id":"chunk_008","category":"college_sciences_medical","text":"المعدل المطلوب للتحويل: 4.25 لجميع البرامج المذكورة."},
  {"id":"chunk_009","category":"college_sciences_medical","text":"شروط التحويل: التحويل سنوي."},
  {"id":"chunk_010","category":"college_engineering","text":"كلية الهندسة – برامج التحويل: الهندسة الكيميائية، الهندسة الكهربائية والإلكترونية، الهندسة الميكانيكية، هندسة المواد."},
  {"id":"chunk_011","category":"college_engineering","text":"المعدل المطلوب: لا بد من تحقيق أقل معدل قبل التخصص لنفس الدفعة."},
  {"id":"chunk_012","category":"college_engineering","text":"شروط التحويل: التحويل فصلي."},
  {"id":"chunk_013","category":"college_computing","text":"كلية علوم وهندسة الحاسب – برامج التحويل: علوم الحاسب، الذكاء الاصطناعي، الأمن السيبراني، هندسة الحاسب والشبكات، هندسة البرمجيات، علم البيانات."},
  {"id":"chunk_014","category":"college_computing","text":"المعدل المطلوب: لا بد من تحقيق أقل معدل قبل التخصص لنفس الدفعة."},
  {"id":"chunk_015","category":"college_computing","text":"شروط التحويل: التحويل فصلي."},
  {"id":"chunk_016","category":"college_business","text":"كلية الأعمال – برامج التحويل: المحاسبة (علمي)."},
  {"id":"chunk_017","category":"college_business","text":"شروط التحويل: التحويل فصلي. اجتياز المحاسبة المالية BUAC 111 (≥70)، رياضيات الأعمال SCMT 110 (≥80)."},
  {"id":"chunk_018","category":"college_business","text":"برنامج المالية والاقتصاد (علمي) – شروط التحويل: SCMT 110 (≥80)، SCST 121 (≥80)، BUFE 121 (≥70)."},
  {"id":"chunk_019","category":"college_business","text":"إدارة سلسلة الإمداد (علمي) – مواد معيارية مطلوبة: SCMT 110، SCST 121، BUSC 121 (≥80)."},
  {"id":"chunk_020","category":"college_business","text":"إدارة الأعمال (علمي–إنساني) – شرط التحويل: اجتياز BUBA 111."},
  {"id":"chunk_021","category":"college_business","text":"إدارة نظم المعلومات (علمي–إنساني) – شرط التحويل: BUIS 111 (≥70)."},
  {"id":"chunk_022","category":"college_business","text":"التسويق – شرط التحويل: اجتياز BUMK 121."},
  {"id":"chunk_023","category":"college_business","text":"إدارة الموارد البشرية – شرط التحويل: BUHR 211 (≥70)."},
  {"id":"chunk_024","category":"college_business_branches","text":"فرع خليص – برامج: نظم المعلومات، إدارة الخدمات الصحية، إدارة الموارد البشرية."},
  {"id":"chunk_025","category":"college_business_branches","text":"شروط فرع خليص: التحويل فصلي. المادة المعيارية: BUIS 111."},
  {"id":"chunk_026","category":"college_sciences","text":"كلية العلوم – برامج: الكيمياء الحيوية، الكيمياء الصناعية، الكيمياء، الفيزياء، الرياضيات، GIS، الإحصاء، العلوم البيئية، الأحياء الجزيئية."},
  {"id":"chunk_027","category":"college_sciences","text":"المعدلات المطلوبة: جميع التخصصات 3.0 باستثناء العلوم البيئية 3.5."},
  {"id":"chunk_028","category":"college_sciences","text":"شروط التحويل: فصلي."},
  {"id":"chunk_029","category":"college_design","text":"كلية التصاميم والفنون – برامج: التصميم الداخلي، تصميم الأزياء، تصميم الجرافيك، الرسم والفنون."},
  {"id":"chunk_030","category":"college_design","text":"التصميم الداخلي – مادة معيارية: ADID 111."},
  {"id":"chunk_031","category":"college_design","text":"تصميم الأزياء – مادة معيارية: ADFD 111."},
  {"id":"chunk_032","category":"college_design","text":"تصميم الجرافيك – مادة معيارية: ADGR 111."},
  {"id":"chunk_033","category":"college_design","text":"الرسم والفنون – مادة معيارية: ADDA 111."},
  {"id":"chunk_034","category":"college_sharia","text":"كلية الشريعة والقانون – برامج: القانون، الشريعة، التفسير، القراءات."},
  {"id":"chunk_035","category":"college_sharia","text":"شروط التحويل: فصلي."},
  {"id":"chunk_036","category":"college_languages","text":"كلية اللغات والترجمة – برامج: الإنجليزية، الترجمة، العربية، الصينية."},
  {"id":"chunk_037","category":"college_languages","text":"المعدلات المطلوبة: الإنجليزية 3.0، الترجمة 3.5، العربية 3.0، الصينية 3.5."},
  {"id":"chunk_038","category":"college_languages","text":"مواد معيارية لغوية: ELPR 120، ELPR 130 بدرجات مختلفة لكل برنامج."},
  {"id":"chunk_039","category":"college_languages","text":"اللغة الإنجليزية – شرط ELPR 120 ≥70."},
  {"id":"chunk_040","category":"college_languages","text":"الترجمة – شرط ELPR 120 ≥80."},

  {"id":"chunk_041","category":"college_languages","text":"اللغة العربية – يشترط اجتياز ARAB 110."},
  {"id":"chunk_042","category":"college_languages","text":"اللغة الصينية – يشترط اجتياز مقابلة شخصية."},

  {"id":"chunk_043","category":"college_communication","text":"كلية الاتصال والإعلام – برامج: العلاقات العامة، الإعلان، الإعلام الرقمي."},
  {"id":"chunk_044","category":"college_communication","text":"شروط التحويل: فصلي."},
  {"id":"chunk_045","category":"college_communication","text":"قد تتطلب بعض البرامج اختبارات مهارية أو مقابلات."},

  {"id":"chunk_046","category":"college_international","text":"الكلية الدولية – برامج: إدارة الضيافة العالمية، إدارة السياحة والسفر."},
  {"id":"chunk_047","category":"college_international","text":"شروط التحويل: سنوي."},

  {"id":"chunk_048","category":"college_education","text":"كلية التربية – برامج: التربية الخاصة، التربية الفنية، الطفولة المبكرة."},
  {"id":"chunk_049","category":"college_education","text":"شروط التحويل: فصلي، لا توجد مواد معيارية."},

  {"id":"chunk_050","category":"college_applied_studies","text":"كلية الدراسات التطبيقية – برامج: تقنية المعلومات، الإدارة، التسويق."},
  {"id":"chunk_051","category":"college_applied_studies","text":"شروط التحويل: المعدل ≥ 2.75، فصلي."},

  {"id":"chunk_052","category":"general_rules","text":"يشترط أن يكون الطالب في وضع أكاديمي جيد وغير موقوف أو مفصول أكادياً."},
  {"id":"chunk_053","category":"general_rules","text":"يجب أن يكون الطالب قد أنهى على الأقل فصل دراسي واحد في الجامعة."},
  {"id":"chunk_054","category":"general_rules","text":"التحويل يعتمد على السعة الاستيعابية لكل قسم، وقد تُرفض طلبات مكتملة بسبب الامتلاء."},

  {"id":"chunk_055","category":"materials_intro","text":"المواد المعيارية هي مقررات أساسية يشترط اجتيازها للتحويل لبعض البرامج."},
  {"id":"chunk_056","category":"materials_intro","text":"بعض البرامج لا تتطلب مواد معيارية وتعتمد فقط على المعدل التراكمي."},

  {"id":"chunk_057","category":"materials_engineering","text":"مواد معيارية للهندسة: الفيزياء العامة، الرياضيات، الكيمياء العامة."},
  {"id":"chunk_058","category":"materials_engineering","text":"تتطلب بعض الأقسام درجات عالية لضمان جاهزية الطالب للمسار الهندسي."},

  {"id":"chunk_059","category":"materials_ai","text":"مواد معيارية للذكاء الاصطناعي: SCMT 110 و ELPR 130 و مقرر برمجة."},
  {"id":"chunk_060","category":"materials_ai","text":"برنامج الروبوتات يتطلب اجتياز الرياضيات والفيزياء."},

  {"id":"chunk_061","category":"materials_business","text":"مواد معيارية لبرامج الأعمال تشمل: المحاسبة 1، الرياضيات، الإحصاء، التسويق."},
  {"id":"chunk_062","category":"materials_business","text":"تفرض بعض البرامج درجات محددة ≥ 80 في رياضيات الأعمال."},

  {"id":"chunk_063","category":"transfer_process","text":"يتم التقديم على بوابة الطلبات الإلكترونية فقط."},
  {"id":"chunk_064","category":"transfer_process","text":"يجب ترتيب الرغبات حسب الأولوية قبل الإرسال."},
  {"id":"chunk_065","category":"transfer_process","text":"بعد الإرسال، لا يمكن تعديل أو حذف الطلب."},

  {"id":"chunk_066","category":"transfer_limit","text":"لا يسمح بالتحويل أكثر من مرة واحدة خلال مسيرة الطالب الجامعية."},
  {"id":"chunk_067","category":"transfer_limit","text":"الاستثناءات تعتمد على القرار الإداري وحالات المرض الطويل."},

  {"id":"chunk_068","category":"eligibility","text":"لا يحق للطالب الموقوف أو المعاقب أكاديمياً التقديم على التحويل."},
  {"id":"chunk_069","category":"eligibility","text":"يجب أن يكون الطالب منتظماً وقت تقديم الطلب."},

  {"id":"chunk_070","category":"appeals","text":"يحق للطالب تقديم اعتراض فقط عند وجود خلل تقني أو خطأ في البيانات."},
  {"id":"chunk_071","category":"appeals","text":"لا تُقبل الاعتراضات المبنية على عدم الرضا بالمفاضلة."},
  {"id":"chunk_072","category":"appeals","text":"اللجنة الأكاديمية تنظر في الاعتراض خلال 5 أيام عمل."},

  {"id":"chunk_073","category":"equivalency","text":"قد يتم معادلة بعض المقررات بعد التحويل إذا تطابقت مع الخطة الجديدة."},
  {"id":"chunk_074","category":"equivalency","text":"لا تتم المعادلة للمواد التي حصل فيها الطالب على درجة أقل من D."},
  {"id":"chunk_075","category":"equivalency","text":"اختلاف الخطط قد يزيد عدد الساعات المطلوبة للتخرج."},

  {"id":"chunk_076","category":"capacity","text":"السعة الاستيعابية عامل رئيسي في قبول أو رفض التحويل."},
  {"id":"chunk_077","category":"capacity","text":"قد يتم إيقاف التحويل لبعض التخصصات لعام كامل."},

  {"id":"chunk_078","category":"documentation","text":"يجب رفع السجل الأكاديمي الصحيح والحديث عند التقديم."},
  {"id":"chunk_079","category":"documentation","text":"البيانات الخاطئة تؤدي إلى إلغاء الطلب مباشرة."},

  {"id":"chunk_080","category":"finalization","text":"بعد قبول التحويل، يتم تثبيت الجدول الدراسي تلقائياً حسب الخطة الجديدة."},
  {"id":"chunk_081","category":"finalization","text":"لا يمكن التراجع عن قرار التحويل بعد اعتماده من الكلية."},
  {"id":"chunk_082","category":"finalization","text":"قد يحتاج الطالب لإعادة بعض المواد التي لا تتوافق مع خطته الجديدة."},

  {"id":"chunk_083","category":"program_specific","text":"برامج معينة قد تتطلب مقابلة شخصية لقياس ملاءمة الطالب للتخصص."},
  {"id":"chunk_084","category":"program_specific","text":"بعض برامج الكليات تتطلب اختبار قدرات أو تقييم عملي."},
  {"id":"chunk_085","category":"program_specific","text":"برامج التصميم والفنون تشترط تقديم ملف أعمال."},

  {"id":"chunk_086","category":"special_notes","text":"تخصصات الطيران تخضع لفحوصات طبية واختبارات ذكاء مكاني."},
  {"id":"chunk_087","category":"special_notes","text":"تخصصات الملاحة قد تتطلب اختبارات لغة."},

  {"id":"chunk_088","category":"evaluation","text":"بعض الكليات تعطي وزناً أعلى للمواد العلمية في المفاضلة."},
  {"id":"chunk_089","category":"evaluation","text":"الكليات النظرية تعتمد بشكل أكبر على المعدل التراكمي."},
  {"id":"chunk_090","category":"evaluation","text":"يتم احتساب الدرجات والمفاضلة تلقائياً من النظام."},

  {"id":"chunk_091","category":"campus_rules","text":"بعض البرامج متاحة فقط في فروع مثل خليص والليث."},
  {"id":"chunk_092","category":"campus_rules","text":"قد تختلف شروط التحويل في الفروع عن المقر الرئيسي."},
  {"id":"chunk_093","category":"campus_rules","text":"التحويل بين الفروع يتطلب موافقة إضافية من العمادة."},

  {"id":"chunk_094","category":"english_requirements","text":"العديد من الكليات تشترط درجات معينة في ELPR 120 و ELPR 130."},
  {"id":"chunk_095","category":"english_requirements","text":"برنامج الترجمة يتطلب ≥80 في ELPR 120."},
  {"id":"chunk_096","category":"english_requirements","text":"برنامج اللغة الصينية يشترط مقابلة شخصية."},

  {"id":"chunk_097","category":"scientific_requirements","text":"برنامج الكيمياء يتطلب أساسًا عامًا في الكيمياء والرياضيات."},
  {"id":"chunk_098","category":"scientific_requirements","text":"التحويل إلى الفيزياء يتطلب اجتياز فيزياء عامة بدرجة C على الأقل."},
  {"id":"chunk_099","category":"scientific_requirements","text":"بعض البرامج تطلب اجتياز مختبرات معينة."},

  {"id":"chunk_100","category":"it_requirements","text":"برامج الأمن السيبراني تتطلب أساسيات البرمجة والشبكات."},
  {"id":"chunk_101","category":"it_requirements","text":"تحويل تخصصات الحاسب يشترط اجتياز مقرر برمجة أو اختبار مستوى."},
  {"id":"chunk_102","category":"it_requirements","text":"الذكاء الاصطناعي يشترط مهارات تحليلية وتفكير منطقي."},

  {"id":"chunk_103","category":"interview_requirements","text":"مقابلات الإعلام والاتصال تقيس مهارات التواصل والطرح."},
  {"id":"chunk_104","category":"interview_requirements","text":"مقابلات القانون تتضمن أسئلة تحليلية وتفسيرية."},
  {"id":"chunk_105","category":"interview_requirements","text":"المقابلات قد تُشكل 20% من درجة المفاضلة النهائية."},

  {"id":"chunk_106","category":"capacity_details","text":"برامج مثل الطب وطب الأسنان ذات سعة منخفضة جداً."},
  {"id":"chunk_107","category":"capacity_details","text":"بعض البرامج قد توقف التحويل مؤقتاً بسبب الضغط العالي."},
  {"id":"chunk_108","category":"capacity_details","text":"الكليات تعلن السعة قبل بداية فترة التحويل."},

  {"id":"chunk_109","category":"eligibility_details","text":"لا يقبل التحويل من خارج الجامعة إلى برامجها الداخلية."},
  {"id":"chunk_110","category":"eligibility_details","text":"الطلبة المحولون لا يعاملون كطلبة مستجدين بعد التحويل."},
  {"id":"chunk_111","category":"eligibility_details","text":"لا يمكن التحويل للطلبة الذين عليهم عقوبات غير مرفوعة."},

  {"id":"chunk_112","category":"registration_followup","text":"على الطالب متابعة حالة طلبه بشكل مستمر عبر النظام الإلكتروني."},
  {"id":"chunk_113","category":"registration_followup","text":"ظهور رسالة 'غير مستوفي الشروط' يعني عدم تحقيق شرط واحد على الأقل."},
  {"id":"chunk_114","category":"registration_followup","text":"اختفاء زر التحويل يعني انتهاء فترة التقديم أو عدم الأهلية."},

  {"id":"chunk_115","category":"warnings","text":"يحذر من تقديم معلومات مضللة لأنها تلغي الطلب فوراً."},
  {"id":"chunk_116","category":"warnings","text":"التقديم على تخصصات تنافسية جداً يقلل احتمال القبول."},
  {"id":"chunk_117","category":"warnings","text":"تقديم الطلب في آخر يوم قد يعرضه للتعطل بسبب ضغط النظام."},

  {"id":"chunk_118","category":"student_responsibility","text":"على الطالب الاطلاع على الخطة الدراسية للتخصص الجديد قبل التحويل."},
  {"id":"chunk_119","category":"student_responsibility","text":"يجب التأكد من الساعات التي ستُعاد معادلتها."},
  {"id":"chunk_120","category":"student_responsibility","text":"بعض المواد قد تُحتسب اختيارية فقط بعد التحويل."},
  {"id":"chunk_121","category":"standard_courses_general","text":"المواد المعيارية هي مقررات مشتركة تهدف لقياس استعداد الطالب للتحويل وقد تختلف بحسب التخصص."},
  {"id":"chunk_122","category":"standard_courses_general","text":"تشمل المواد المعيارية عادة مقررات أساسية مثل اللغة الإنجليزية والرياضيات والعلوم."},
  {"id":"chunk_123","category":"standard_courses_general","text":"يجب على الطالب تحقيق الحد الأدنى المطلوب لكل مادة معيارية لضمان قبول التحويل."},

  {"id":"chunk_124","category":"standard_courses_health","text":"مواد معيارية للكليات الصحية: أحياء صحية، كيمياء صحية، فيزياء صحية، مهارات اللغة الإنجليزية."},
  {"id":"chunk_125","category":"standard_courses_health","text":"تتطلب كلية الطب درجات عالية في المقررات العلمية لضمان الجاهزية الأكاديمية."},
  {"id":"chunk_126","category":"standard_courses_health","text":"تشترك كليات العلوم الطبية التطبيقية والصيدلة بمواد معيارية تتضمن مقررات المستوى الأول العلمي."},

  {"id":"chunk_127","category":"standard_courses_engineering","text":"مواد معيارية للهندسة: الرياضيات، الفيزياء، الكيمياء، مهارات الحاسب."},
  {"id":"chunk_128","category":"standard_courses_engineering","text":"قد تشترط الهندسة اجتياز اختبار مستوى في الرياضيات."},

  {"id":"chunk_129","category":"standard_courses_ai","text":"مواد معيارية لبرامج الذكاء الاصطناعي: SCMT 110 و ELPR 130 ومقرر مقدمة في البرمجة."},
  {"id":"chunk_130","category":"standard_courses_ai","text":"برنامج الروبوتات يشترط اجتياز الفيزياء العامة والرياضيات 1."},

  {"id":"chunk_131","category":"standard_courses_business","text":"مواد معيارية لبرامج كلية الأعمال: المحاسبة 1، التسويق، رياضيات الأعمال، الإحصاء."},
  {"id":"chunk_132","category":"standard_courses_business","text":"تشترط بعض برامج الأعمال الحصول على ≥80 في رياضيات الأعمال."},

  {"id":"chunk_133","category":"service_college_path","text":"لا يجوز التحويل من المسارات العلمية إلى المسارات الإنسانية بدون تحقيق شروط إضافية."},
  {"id":"chunk_134","category":"service_college_path","text":"قد يحتاج الطالب لدراسة مواد تكميلية عند التحويل بين المسارات المختلفة."},
  {"id":"chunk_135","category":"service_college_path","text":"التحويل يعتمد على المسار الدراسي للطالب وليس الرغبة فقط."},

  {"id":"chunk_136","category":"evaluation_notes","text":"الكليات الصحية تعطي وزناً أكبر للمواد العلمية ضمن المفاضلة."},
  {"id":"chunk_137","category":"evaluation_notes","text":"الكليات النظرية تعتمد غالباً على المعدل فقط دون مواد معيارية."},
  {"id":"chunk_138","category":"evaluation_notes","text":"احتساب درجات المفاضلة يتم آلياً من النظام الأكاديمي بدون تدخل يدوي."},

  {"id":"chunk_139","category":"transfer_attempts","text":"لا يسمح للطالب بالتحويل أكثر من مرة واحدة خلال فترة الدراسة الجامعية."},
  {"id":"chunk_140","category":"transfer_attempts","text":"قد تستثنى الحالات الصحية أو الظروف القاهرة بناءً على قرار اللجنة الأكاديمية."},

  {"id":"chunk_141","category":"course_equivalency","text":"قد تتم معادلة بعض المقررات ضمن الخطة الجديدة إذا كانت مطابقة في المحتوى والساعات."},
  {"id":"chunk_142","category":"course_equivalency","text":"لا تعادل المواد التي حصل فيها الطالب على درجة أقل من D."},
  {"id":"chunk_143","category":"course_equivalency","text":"قد يؤدي اختلاف الخطط إلى زيادة عدد الساعات اللازمة للتخرج."},

  {"id":"chunk_144","category":"capacity_rules","text":"السعة الاستيعابية تحدد عدد الطلبة المقبولين للتحويل لكل برنامج."},
  {"id":"chunk_145","category":"capacity_rules","text":"قد يُرفض الطلب حتى لو حقق الطالب الشروط بسبب امتلاء البرنامج."},
  {"id":"chunk_146","category":"capacity_rules","text":"تحدد السعة بناءً على الموارد البشرية والمعامل والمرافق المتاحة."},

  {"id":"chunk_147","category":"documentation_notes","text":"يجب أن تكون السجلات الأكاديمية حديثة وصحيحة عند تقديم الطلب."},
  {"id":"chunk_148","category":"documentation_notes","text":"قد تطلب بعض الكليات رفع تقرير درجات المواد العلمية كمرفق إضافي."},
  {"id":"chunk_149","category":"documentation_notes","text":"إدخال بيانات خاطئة يؤدي إلى إلغاء الطلب بشكل مباشر."},

  {"id":"chunk_150","category":"finalization_rules","text":"بعد قبول التحويل، يتم تثبيت الجدول الدراسي حسب الخطة الجديدة تلقائياً."},
  {"id":"chunk_151","category":"finalization_rules","text":"لا يمكن التراجع عن قرار التحويل بعد اعتماده رسمياً."},
  {"id":"chunk_152","category":"finalization_rules","text":"قد يحتاج الطالب لإعادة دراسة مواد غير معادلة في التخصص الجديد."},

  {"id":"chunk_153","category":"special_programs_notes","text":"تخصصات التصميم والفنون تتطلب ملف أعمال يُعرض على لجنة فنية."},
  {"id":"chunk_154","category":"special_programs_notes","text":"تخصصات التصميم تشترط تقييم المهارات الإبداعية للطالب."},
  {"id":"chunk_155","category":"special_programs_notes","text":"تخصصات الملاحة الجوية تخضع لاختبارات لياقة بدنية وذكاء مكاني."},

  {"id":"chunk_156","category":"appeal_rules","text":"يمكن تقديم اعتراض إذا كان هناك خطأ تقني في تقييم الطلب."},
  {"id":"chunk_157","category":"appeal_rules","text":"لا تُقبل الاعتراضات المبنية على عدم الرضا بالنتيجة فقط."},
  {"id":"chunk_158","category":"appeal_rules","text":"اللجنة الأكاديمية تراجع الاعتراضات خلال 5 أيام عمل."},

  {"id":"chunk_159","category":"branch_campuses","text":"بعض البرامج متاحة فقط في فروع الجامعة مثل خليص والليث."},
  {"id":"chunk_160","category":"branch_campuses","text":"شروط التحويل قد تختلف في الفروع بحسب المتطلبات المحلية."},
  {"id":"chunk_161","category":"branch_campuses","text":"التحويل بين الفروع يتطلب موافقة العمادة والمسار الأكاديمي للكلية المستقبلة."},

  {"id":"chunk_162","category":"english_requirements","text":"تتطلب تخصصات متعددة درجات محددة في ELPR 120 و ELPR 130."},
  {"id":"chunk_163","category":"english_requirements","text":"برنامج الترجمة يشترط ≥80 في مقرر اللغة الإنجليزية الأكاديمية."},
  {"id":"chunk_164","category":"english_requirements","text":"برنامج اللغة الصينية يتطلب اجتياز مقابلة شخصية لقياس الملاءمة."},

  {"id":"chunk_165","category":"scientific_requirements","text":"تخصصات الكيمياء والأحياء تشترط أساسًا علميًا قويًا في مقررات المستوى الأول."},
  {"id":"chunk_166","category":"scientific_requirements","text":"الفيزياء تتطلب اجتياز مقرر الفيزياء العامة بدرجة C على الأقل."},
  {"id":"chunk_167","category":"scientific_requirements","text":"برامج العلوم قد تطلب اجتياز مختبرات معينة قبل التحويل."},

  {"id":"chunk_168","category":"it_requirements_detailed","text":"برامج الأمن السيبراني تشترط مهارات أساسية في البرمجة والشبكات."},
  {"id":"chunk_169","category":"it_requirements_detailed","text":"قد يُطلب من المتقدمين اجتياز اختبار تحديد مستوى في البرمجة."},
  {"id":"chunk_170","category":"it_requirements_detailed","text":"تخصصات الحوسبة تتطلب إتقان المهارات الرقمية والحسابية."},

  {"id":"chunk_171","category":"interview_requirements","text":"تخصصات الإعلام والقانون والسياحة قد تتطلب مقابلات إلزامية."},
  {"id":"chunk_172","category":"interview_requirements","text":"المقابلة تقيس الدافعية ومهارات الاتصال والملاءمة للتخصص."},
  {"id":"chunk_173","category":"interview_requirements","text":"قد تشكل نتيجة المقابلة ما يصل إلى 20% من المفاضلة النهائية."},

  {"id":"chunk_174","category":"program_capacity","text":"برامج الطب وطب الأسنان ذات سعة منخفضة جداً لقبول المحولين."},
  {"id":"chunk_175","category":"program_capacity","text":"قد يتم تعليق التحويل لبعض البرامج لعام دراسي كامل."},
  {"id":"chunk_176","category":"program_capacity","text":"تعلن بعض الكليات سعتها الاستيعابية قبل بداية فترة التحويل."},

  {"id":"chunk_177","category":"eligibility_rules","text":"لا يحق للطلبة من خارج جامعة جدة التقديم على التحويل الداخلي."},
  {"id":"chunk_178","category":"eligibility_rules","text":"الطلبة المحولون داخلياً لا يُعدّون مستجدين ولا يعاد تسجيلهم كبداية جديدة."},
  {"id":"chunk_179","category":"eligibility_rules","text":"لا يقبل التحويل للطلبة الذين عليهم عقوبات أكاديمية غير معالجة."},
  {"id":"chunk_180","category":"eligibility_rules","text":"يجب أن يكون الطالب في وضع أكاديمي جيد وغير موقوف عن الدراسة."},

  {"id":"chunk_181","category":"registration_notes","text":"يجب على الطالب متابعة حالته الأكاديمية في نظام الخدمات الذاتية بعد تقديم الطلب."},
  {"id":"chunk_182","category":"registration_notes","text":"اختفاء خيار التحويل في النظام قد يعني انتهاء فترة التقديم."},
  {"id":"chunk_183","category":"registration_notes","text":"ظهور رسالة خطأ أثناء تقديم الطلب قد يشير إلى عدم استيفاء الشروط."},

  {"id":"chunk_184","category":"warnings","text":"تقديم أكثر من طلب يؤدي إلى إلغاء جميع الطلبات."},
  {"id":"chunk_185","category":"warnings","text":"التقديم على تخصصات غير مناسبة لمسار الطالب يؤدي إلى رفض فوري."},
  {"id":"chunk_186","category":"warnings","text":"الكليات الصحية لا تضمن القبول مهما كان المعدل بسبب السعة المحدودة."},

  {"id":"chunk_187","category":"student_responsibility","text":"على الطالب مراجعة الخطة الدراسية للتخصص الجديد قبل التحويل."},
  {"id":"chunk_188","category":"student_responsibility","text":"يجب التأكد من احتساب الساعات المحولة بشكل صحيح."},
  {"id":"chunk_189","category":"student_responsibility","text":"اختيار تخصصات عالية التنافس يقلل احتمالية القبول."},

  {"id":"chunk_190","category":"final_guidelines","text":"توصي العمادة بالاستعداد للمواد العلمية قبل التقديم للبرامج الصحية والهندسية."},
  {"id":"chunk_191","category":"final_guidelines","text":"يفضل تقديم الطلب مبكراً لتجنب الضغط على النظام في الساعات الأخيرة."},
  {"id":"chunk_192","category":"final_guidelines","text":"القبول يعتمد على السعة الاستيعابية والحد الأعلى للبرنامج."},

  {"id":"chunk_193","category":"support_channels","text":"يمكن التواصل مع الإرشاد الأكاديمي للاستفسارات عن التحويل."},
  {"id":"chunk_194","category":"support_channels","text":"الدعم الفني متاح لحل مشاكل نظام التقديم الإلكتروني."},
  {"id":"chunk_195","category":"support_channels","text":"توفر بعض الأقسام لقاءات تعريفية للطلبة قبل فترة التحويل."},

  {"id":"chunk_196","category":"health_colleges_special","text":"الكليات الصحية تشدد على اجتياز المقررات العلمية الأساسية بدقة."},
  {"id":"chunk_197","category":"health_colleges_special","text":"قد يُطلب من المتقدمين إجراء اختبارات إضافية لقياس المهارات العلمية."},
  {"id":"chunk_198","category":"health_colleges_special","text":"يتطلب التحويل للكليات الصحية درجات عالية لتحمل الحمل الدراسي."},

  {"id":"chunk_199","category":"language_programs","text":"البرامج اللغوية تعتمد على المهارات اللغوية وقد تشترط درجات عالية في ELPR."},
  {"id":"chunk_200","category":"language_programs","text":"تخصصات اللغات قد تتطلب مقابلات لقياس النطق والتحليل اللغوي."},
  {"id":"chunk_201","category":"language_programs","text":"برنامج اللغة الصينية يتطلب ملاءمة ثقافية وقدرة على مواكبة التعلم المكثف."},

  {"id":"chunk_202","category":"design_programs_special","text":"برامج التصميم تشترط ملف أعمال يتم مراجعته من قبل لجنة فنية مختصة."},
  {"id":"chunk_203","category":"design_programs_special","text":"تقييم القبول يعتمد على مستوى الإبداع والمهارات الفنية."},
  {"id":"chunk_204","category":"design_programs_special","text":"تقديم ملف أعمال غير مكتمل يقلل فرصة القبول بشكل كبير."},

  {"id":"chunk_205","category":"aviation_programs","text":"برامج الطيران تتطلب اجتياز فحص اللياقة الطبية وفق المعايير الدولية."},
  {"id":"chunk_206","category":"aviation_programs","text":"يشترط اجتياز اختبار اللغة للملاحة الجوية."},
  {"id":"chunk_207","category":"aviation_programs","text":"برامج الطيران ذات سعة محدودة جداً مما يقلل فرص التحويل."},

  {"id":"chunk_208","category":"it_programs_detailed","text":"تحويل الطلاب إلى الأمن السيبراني يتطلب مهارات برمجية وشبكية قوية."},
  {"id":"chunk_209","category":"it_programs_detailed","text":"قد يُطلب اختبار عملي لتحديد مستوى البرمجة."},
  {"id":"chunk_210","category":"it_programs_detailed","text":"برامج الحوسبة تركز على التفكير المنطقي والمهارات الحسابية."},

  {"id":"chunk_211","category":"business_programs_special","text":"برنامج المحاسبة يتطلب مهارات تحليلية قوية ومعرفة في المبادئ المالية."},
  {"id":"chunk_212","category":"business_programs_special","text":"برنامج المالية يحتاج أساسًا قويًا في الاقتصاد والإحصاء."},
  {"id":"chunk_213","category":"business_programs_special","text":"إدارة الموارد البشرية تتطلب فهم السلوك التنظيمي وإدارة الأعمال."},

  {"id":"chunk_214","category":"college_specific_messages","text":"بعض الكليات تنشر رسائل توجيهية للطلبة حول متطلبات الدراسة قبل التقديم."},
  {"id":"chunk_215","category":"college_specific_messages","text":"تشمل الرسائل نصائح حول صعوبات التخصص وآفاقه المهنية."},
  {"id":"chunk_216","category":"college_specific_messages","text":"ينصح بمراجعة مصادر التعلم لمعرفة التوقعات الأكاديمية."},

  {"id":"chunk_217","category":"transcript_usage","text":"يستخدم السجل الأكاديمي لحساب الساعات المكتسبة والشروط المطلوبة."},
  {"id":"chunk_218","category":"transcript_usage","text":"الساعات غير المحسوبة في الخطة الجديدة لا تدخل ضمن متطلبات التخرج."},
  {"id":"chunk_219","category":"transcript_usage","text":"يتم مقارنة أداء الطالب بأداء الدفعة للمفاضلة."},

  {"id":"chunk_220","category":"application_portal","text":"يتم التقديم حصراً عبر بوابة الجامعة الإلكترونية."},
  {"id":"chunk_221","category":"application_portal","text":"يجب التأكد من صحة بيانات التواصل لاستلام النتائج."},
  {"id":"chunk_222","category":"application_portal","text":"إغلاق النظام يتم تلقائياً عند انتهاء فترة التقديم."},

  {"id":"chunk_223","category":"test_requirements","text":"بعض البرامج مثل الإعلام الرقمي تطلب اختبارات تحليلية أو تقنية."},
  {"id":"chunk_224","category":"test_requirements","text":"الاختبارات قد تكون تحريرية أو عملية حسب نوع التخصص."},
  {"id":"chunk_225","category":"test_requirements","text":"نتيجة الاختبار تدخل في حساب المفاضلة ولا يمكن إهمالها."},

  {"id":"chunk_226","category":"international_programs","text":"قد لا تكون بعض برامج الكلية الدولية متاحة للتحويل بسبب اتفاقيات تدريبية."},
  {"id":"chunk_227","category":"international_programs","text":"التحويل لبرامج دولية قد يخضع لشروط إضافية خارج الجامعة."},
  {"id":"chunk_228","category":"international_programs","text":"قد تشترط بعض البرامج شهادات لغة إنجليزية دولية."},

  {"id":"chunk_229","category":"success_tips","text":"ينصح بمراجعة الخطط الدراسية لجميع التخصصات قبل اتخاذ قرار التحويل."},
  {"id":"chunk_230","category":"success_tips","text":"التواصل مع مرشد أكاديمي يساعد على تحديد المسار الأنسب."},
  {"id":"chunk_231","category":"success_tips","text":"يفضل الاطلاع على تجارب طلاب سابقين في التخصص المستهدف."},

  {"id":"chunk_232","category":"administrative_process","text":"بعد القبول، ترسل الكلية بريدًا يوضح الخطوات التالية للطالب."},
  {"id":"chunk_233","category":"administrative_process","text":"يتم تحديث الخطة الدراسية خلال 48 ساعة من القبول."},
  {"id":"chunk_234","category":"administrative_process","text":"قد يحتاج الطالب لمراجعة المرشد لتعديل جدوله الدراسي."},

  {"id":"chunk_235","category":"graduation_impact","text":"قد يؤدي التحويل إلى تأخير التخرج بسبب اختلاف الخطط بين التخصصات."},
  {"id":"chunk_236","category":"graduation_impact","text":"لا تلتزم الجامعة بتقليل مدة التخرج للطلبة المحولين."},
  {"id":"chunk_237","category":"graduation_impact","text":"قد تُحتسب بعض المواد كاختيارية فقط ولا تغطي متطلبات التخصص الجديد."},

  {"id":"chunk_238","category":"final_notes","text":"جميع شروط التحويل قابلة للتحديث سنوياً وفق السعة الاستيعابية."},
  {"id":"chunk_239","category":"final_notes","text":"تحتفظ الكليات بحق قبول أو رفض الطلبات بناءً على سياساتها."},
  {"id":"chunk_240","category":"final_notes","text":"هذا الدليل يوضح المعايير العامة ولا يعتبر ضمانًا للقبول في أي برنامج."}
]





