﻿             اسم الدكتورة,   رقم المكتب,             التواصل,,
سامية السفري,17,ssalsefri@uj.edu.sa,,
ملاك الحربي ,121,malharbi3@uj.edu.sa,,
امل العمري,127,aaalomari@uj.edu.sa,,
اميرة الخضير ,127,aaal-khodair@uj.edu.sa,,
مشاعل بوقري,127,mtbogari@uj.edu.sa,,
سمر محروس,127,ssmahrous@uj.edu.sa,,
ميعاد القثمي ,127,moalyuthmi@uj.edu.sa,,
بسمة الحربي ,213,bmalharbi@uj.edu.sa,,
هبه فصيح الدين,221,hafasihuddin@uj.edu.sa,,
روان بلعوص,222,rsbaalous@ui.edu.sa,,
نورة الغامدي,222,nalghamdi0190@uj.edu.sa,,
خلود جستينه,222,kjataniah@uj.edu.sa,,
صفاء حبيب الله,223,shhabiballah@uj.edu.sa,,
لطيفة الحارثي ,226,Imalharthi@ui.edu.sa,,
رهام الحجيلي,227,ralhejaili@uj.edu.sa,,
طرفه الراشد,227,ttal-rashid@uj.edu.sa,,
انعام الشعيبي ,227,eaalshuaibi@uj.edu.sa,,
ارائك طاشكندي,229,astashkandi@uj.edu.sa,,
احلام حسين,232,Abinhusain@uj.edu.sa,,
لبنى الحصايري,232,Lalhabib@ui.edu.sa,,
نهلة الجوجو,232,Nmaljojo@ui.edu.sa,,
نادية العلوي ,233,naaloui@ui.edu.sa,,
هالة الحشيشة,233,hhhachicha@uj.edu.sa,,
صفاء السفري ,234,sbalsfry@uj.edu.sa,,
نورة العتيبي ,234,nmalotaibi@uj.edu.sa,,
فاطمة عسيري,235,fyassiri@uj.edu.sa,,
سامية السنوسي,236,ssmaddouri@uj.edu.sa,,
اريج الشطيري ,237,aoalshutayri@uj.edu.sa,,
ابتهال السقاف,237,eaalsaggaf8@uj.edu.sa,,
ايناس بوفتح ,239,Ibboufateh@uj.edu.sa,,
روشايو محمد,239,Romohamad@ui.edu.sa,,
قمر نايته,240,gnaith@ui.edu.sa,,
منى الذروي,240,Mmaltherwi@ui.edu.sa,,
ايناس جمبي,241,eajambi@uj.edu.sa,,
شهد الاهدل,241,saalahdal@uj.edu.sa,,
سحر سبح,242,sfsabbeh@uj.edu.sa,,
حنان الازهري,242,Helazhary@ui.edu.sa,,
الهام الغامدي,244,ealghamdi2@uj.edu.sa,,
الهام القحطاني ,244,eaalgahtani@ui.edu.sa,,
رحاب قاروت,245,rkqarout@uj.edu.sa,,
عائشة بلفقيه ,245,aablfgeh@uj.edu.sa,,
ندى السالمي ,246,nalsalmi@uj.edu.sa,,
نوف رحيمي,247,nmraheeme@ul.edu.sa,,
ايمان الظاهري,249,eaal-dhahery@uj.edu.sa,,
منال لنجاوي,252,Malinjawi@uj.edu.sa,,
سمر البلادي,252,Salbladi@uj.edu.sa,,
غادة قشقري,252,gagashgari@uj.edu.sa,,
منى عيسى,252,mmeisa@uj.edu.sa,,
شذى الغامدي ,257,sjalghamdi@uj.edu.sa,,
ملاك الحربي,257,Malharbi3@ul.edu.sa,,
الاء مجاهد,258,ammojahed@uj.edu.sa,,
نهى زمزمي,261,nezamzami@uj.edu.sa,,
اسيا الجحدلي,261,aoaljabdali@uj.edu.sa,,
تهاني القزدار,261,Taalgazdar@uj.edu.sa,,
هديل الحصيني,261,hmalhosaini@uj.edu.sa,,
آلاء عشماوي,263,aaeshmawi@ui.edu.sa,,
مشاعل خياط,263,mkhayyat@uj.edu.sa,,
خلود الغامدي,264,ksalghamdi@uj.edu.sa,,
مرام الصحفي,265,malsahafi@uj.edu.sa,,
اسراء الغانمي,265,iaalghanmi@uj.edu.sa,,
دلال بخيت ,266,dmbakheet@uj.edu.sa,,
عالية القرشي ,266,aialgurashi@ui.edu.sa,,
حنين حمدي,267,hthimdi@uj.edu.sa,,
الاء الصائغ,267,aalsaig@uj.edu.sa,,
عفراء احمد,271,ajkhalefah@uj.edu.sa,,
انوار الشريف,271,amalshareef@uj.edu.sa,,
أزهار مليباري,271,amelabari@uj.edu.sa,,
رشا العوهلي ,271,raalawbali@uj.edu.sa,,
شذى الحارثي ,271,sfalharthy@uj.edu.sa,,
حنان نديم ,271,hanadeem@uj.edu.sa,,
عواطف العمري ,271,aralamri@uj.edu.sa,,
آية حكيم ,271,amhakim@ui.edu.sa,,
ود اابوزنادة,271,wtabozenada@ui.edu.sa,,
رشا العمري,271,rmalamri@ui.edu.sa,,
أمنية وجيه ,271,wmomniya@ui.edu.sa,,
هالة بخش,271,hibakhsh@uj.edu.sa,,
روان حسوبه,271,rshassoubah@uj.edu.sa,,
مشاعل المعطاني,271,Malmeatani@uj.edu.sa,,
نهى بابكر,271,nkbabakr@uj.edu.sa,,
هديل إسماعيل ,275,hbismail@ui.edu.sa,,
سجى الثبيتي,,saalthubaiti@ui.edu.sa,,
امل بخاري,,aabukhari@uj.edu.sa,,
,,,,
,,,,
,,,,
